file_size,total_time_taken,average_time_taken
1,0.03843975067138672,0.03843975067138672
2,0.07656288146972656,0.03828144073486328
3,0.1135702133178711,0.037856737772623696
4,0.15494537353515625,0.03873634338378906
5,0.1817328929901123,0.03634657859802246
6,0.21457600593566895,0.035762667655944824
7,0.25514650344848633,0.0364495004926409
8,0.2881598472595215,0.036019980907440186
9,0.3136634826660156,0.03485149807400174
10,0.3501863479614258,0.035018634796142575
11,0.40361714363098145,0.0366924676028165
12,0.432300329208374,0.036025027434031166
13,0.45813488960266113,0.03524114535405086
14,0.4996764659881592,0.03569117614201137
15,0.5381748676300049,0.035878324508666994
16,0.6124343872070312,0.03827714920043945
17,0.5984697341918945,0.035204102011287916
18,0.6184103488922119,0.034356130494011775
19,0.6631503105163574,0.03490264792191355
20,0.6953592300415039,0.034767961502075194
21,0.7265188694000244,0.0345961366380964
22,0.7863006591796875,0.03574093905362216
23,0.8164935111999512,0.035499717878258744
24,0.8391797542572021,0.03496582309405009
25,0.8582301139831543,0.03432920455932617
26,0.9270853996276855,0.03565713075491098
27,0.9795925617218018,0.03628120598969636
28,0.9913663864135742,0.035405942371913364
29,1.0220990180969238,0.035244793727480135
30,1.063594102859497,0.03545313676198324
31,1.111098051071167,0.03584187261519894
32,1.1392972469329834,0.03560303896665573
33,1.1852290630340576,0.03591603221315326
34,1.1923186779022217,0.03506819640888887
35,1.2569446563720703,0.035912704467773435
36,1.2915058135986328,0.035875161488850914
37,1.3200891017913818,0.03567808383219951
38,1.3613967895507812,0.03582623130396793
39,1.3885858058929443,0.03560476425366524
40,1.4042458534240723,0.03510614633560181
41,1.4588468074798584,0.03558162945072826
42,1.4649333953857422,0.03487936655680338
43,1.528780460357666,0.03555303396180619
44,1.565168857574463,0.035572019490328705
45,1.5776290893554688,0.03505842420789931
46,1.6427028179168701,0.035710930824279785
47,1.6609246730804443,0.03533882283149881
48,1.6771817207336426,0.034941285848617554
49,1.7289280891418457,0.03528424671718052
50,1.793600082397461,0.035872001647949216
51,1.8017544746398926,0.035328519110586126
52,1.8050060272216797,0.03471165436964769
53,1.8549103736877441,0.03499830893750461
54,1.9152889251708984,0.03546831342909071
55,1.9723188877105713,0.03586034341291948
56,1.9741935729980469,0.03525345666067941
57,1.979593276977539,0.03472970661364103
58,2.0240674018859863,0.03489771382562045
59,2.078226089477539,0.035224171008093885
60,2.1253271102905273,0.03542211850484212
61,2.1473019123077393,0.0352016706935695
62,2.155724048614502,0.03476974271958874
63,2.191988945007324,0.03479347531757657
64,2.2838051319122314,0.035684455186128616
65,2.259840488433838,0.034766776745135966
66,2.3347275257110596,0.0353746594804706
67,2.3877928256988525,0.03563869889102765
68,2.389570474624634,0.035140742273891676
69,2.438732624053955,0.03534395107324573
70,2.527958869934082,0.03611369814191546
71,2.5309464931488037,0.03564713370632118
72,2.54954195022583,0.03541030486424764
73,2.5628321170806885,0.035107289275077926
74,2.577583074569702,0.03483220371040138
75,2.6774675846099854,0.035699567794799804
76,2.696176528930664,0.035476006959614004
77,2.741264820098877,0.035600841819465934
78,2.73382306098938,0.035049013602427945
79,2.742845058441162,0.03471955770178686
80,2.8413894176483154,0.035517367720603946
81,2.856274127960205,0.03526264355506426
82,2.8604931831359863,0.03488406320897544
83,2.9552464485168457,0.03560537889779332
84,2.95975923538208,0.03523522899264381
85,3.0255448818206787,0.03559464566847857
86,3.0502028465270996,0.03546747495961744
87,3.1378896236419678,0.03606769682347089
88,3.086911201477051,0.03507853638042103
89,3.1690261363983154,0.03560703524043051
90,3.21734619140625,0.035748291015625
91,3.237592935562134,0.035577944346836636
92,3.214587450027466,0.034941167935081154
93,3.240471839904785,0.03484378322478263
94,3.338045835494995,0.03551112590952123
95,3.367318630218506,0.03544545926545796
96,3.401560068130493,0.035432917376359306
97,3.3878822326660156,0.034926620955319745
98,3.4111242294311523,0.03480739009623625
99,3.5692200660705566,0.03605272794010663
100,3.490142345428467,0.034901423454284666
101,3.548072576522827,0.03512943145072106
102,3.6197028160095215,0.03548728250989727
103,3.6340060234069824,0.03528161187773769
104,3.696592092514038,0.0355441547357119
105,3.6732771396636963,0.034983591806320914
106,3.7652816772460938,0.03552152525703862
107,3.7400999069213867,0.03495420473758305
108,3.7814137935638428,0.03501309068114669
109,3.7929720878601074,0.03479790906293677
110,3.8590006828308105,0.035081824389371005
111,3.9140424728393555,0.03526164389945365
112,3.9510014057159424,0.035276798265320916
113,3.9960341453552246,0.03536313402969225
114,3.983555555343628,0.034943469783716034
115,3.989335536956787,0.034689874234406844
116,4.042534589767456,0.03484943611868497
117,4.091769456863403,0.03497238852020003
118,4.120294809341431,0.03491775262153755
119,4.147001266479492,0.034848750138483126
120,4.178668022155762,0.03482223351796468
121,4.285639047622681,0.035418504525807276
122,4.299322128295898,0.03524034531390081
123,4.341736316680908,0.03529866924130819
124,4.35150146484375,0.03509275374873992
125,4.389171600341797,0.035113372802734376
126,4.439152240753174,0.035231366990104554
127,4.489194631576538,0.03534798922501211
128,4.4774839878082275,0.03498034365475178
129,4.5429847240448,0.03521693584530852
130,4.521528005599976,0.03478098465846135
131,4.658503770828247,0.03556109748723853
132,4.70987343788147,0.03568085937788992
133,4.652596473693848,0.03498192837363795
134,4.730380058288574,0.03530134371857145
135,4.736704349517822,0.0350866988853172
136,4.805143117904663,0.035331934690475464
137,4.86725378036499,0.035527399856678764
138,4.788480520248413,0.034699134204698646
139,4.945428848266602,0.03557862480767339
140,4.963594913482666,0.03545424938201904
141,4.992696285247803,0.03540919351239576
142,5.044057369232178,0.03552153076924069
143,5.089705944061279,0.035592349259169785
144,5.135234355926514,0.03566134969393412
145,5.107593774795532,0.03522478465376229
146,5.198573350906372,0.03560666678702994
147,5.242403507232666,0.03566260889273922
148,5.316840171813965,0.035924595755499764
149,5.366792440414429,0.03601874121083509
150,5.3258748054504395,0.03550583203633626
151,5.398301839828491,0.03575034331012246
152,5.413801908493042,0.03561711781903317
153,5.470433712005615,0.03575446870591906
154,5.704652309417725,0.03704319681440081
155,5.52862286567688,0.035668534617270195
156,5.7225422859191895,0.036682963371276855
157,5.744604587554932,0.03658983813729256
158,5.792875528335571,0.03666376916668083
159,5.73506236076355,0.03606957459599717
160,5.7414515018463135,0.035884071886539456
161,5.875340938568115,0.036492800860671526
162,5.887066125869751,0.036339914357220685
163,5.9700376987457275,0.036625998151814276
164,5.932452201843262,0.03617348903562964
165,5.873362064361572,0.03559613372340347
166,6.259063243865967,0.037705200264252815
167,5.925710439682007,0.03548329604600004
168,5.994013786315918,0.035678653489975704
169,6.018521308898926,0.03561255212366228
170,5.993236780166626,0.03525433400098015
171,6.121826648712158,0.035800155840421975
172,6.057884693145752,0.03522025984387065
173,6.061196565628052,0.03503581829842804
174,6.128098726272583,0.035218958196968866
175,6.3821799755096436,0.03646959986005511
176,6.263427495956421,0.035587656227025116
177,6.281920671463013,0.03549107723990402
178,6.594692707061768,0.037048835432931276
179,6.430653095245361,0.03592543628628694
180,6.419191598892212,0.035662175549401175
181,6.652790069580078,0.036755746240773914
182,6.572831392288208,0.03611445819938576
183,6.523352861404419,0.03564673694756513
184,6.615201473236084,0.03595218191976133
185,6.579678535461426,0.03556582992141311
186,6.57439112663269,0.035346188852863926
187,6.702705144882202,0.03584334302076044
188,6.758832216262817,0.03595123519288733
189,7.423299551010132,0.03927671720111181
190,6.832300901412964,0.03595947842848928
191,6.9939844608306885,0.036617719690213026
192,6.906010389328003,0.03596880411108335
193,6.809354543685913,0.03528162976003064
194,6.951005935668945,0.03582992750344817
195,6.925440073013306,0.03551507729750413
196,7.082274436950684,0.03613405324974839
197,7.453981637954712,0.03783747024342493
198,7.032847881317139,0.035519433744025955
199,7.028829574584961,0.035320751631080206
200,6.979702711105347,0.034898513555526735
201,7.168185234069824,0.035662613104825
202,7.097184181213379,0.035134575154521674
203,7.129592418670654,0.03512114491955987
204,7.194708585739136,0.03526817934185851
205,7.223745584487915,0.03523778333896544
206,7.349221467971802,0.03567583236879515
207,7.349573373794556,0.03550518538065003
208,7.371935129165649,0.03544199581329639
209,7.456883668899536,0.03567886922918438
210,7.443595886230469,0.035445694696335565
211,7.502388000488281,0.03555634123454162
212,7.507724285125732,0.03541379379776289
213,7.475464582443237,0.03509607785184619
214,7.5944740772247314,0.03548819662254547
215,7.580249071121216,0.03525697242381961
216,7.63149881362915,0.035331013026060884
217,7.646357536315918,0.035236670674266904
218,7.699506998062134,0.03531883944065199
219,7.761874675750732,0.03544235011758325
220,7.879228591918945,0.035814675417813385
221,7.8652873039245605,0.035589535311875836
222,7.8236284255981445,0.03524156948467633
223,7.923151731491089,0.03552982839233672
224,7.86736536026001,0.03512216678687504
225,7.916911363601685,0.0351862727271186
226,8.07753300666809,0.035741296489681815
227,7.926458120346069,0.03491831771077564
228,8.06107473373413,0.035355590937430396
229,8.08535885810852,0.03530724392187127
230,8.072985172271729,0.03509993553161621
231,8.140237808227539,0.035239124710941726
232,8.157692193984985,0.035162466353383555
233,8.198724269866943,0.03518765781058774
234,8.2447829246521,0.03523411506261581
235,8.392000198364258,0.035710639141975566
236,8.369184970855713,0.035462648181592005
237,8.410927057266235,0.035489143701545295
238,8.272341012954712,0.03475773534854921
239,8.443453311920166,0.03532825653523082
240,8.467384815216064,0.03528077006340027
241,8.488263607025146,0.03522101081753173
242,8.563951253890991,0.0353882283218636
243,8.695947170257568,0.03578579082410522
244,8.727758646011353,0.03576950264758751
245,8.67976999282837,0.035427632623789264
246,8.576992273330688,0.03486582224931174
247,8.75492548942566,0.03544504246731036
248,8.814292669296265,0.03554150269877526
249,8.72694730758667,0.035047981154966545
250,8.941888809204102,0.035767555236816406
251,8.847055673599243,0.035247233759359536
252,8.944316625595093,0.03549331994283767
253,8.86663007736206,0.03504596868522553
254,8.871646165847778,0.034927740810424324
255,9.053526163101196,0.0355040241690243
256,9.058676958084106,0.03538545686751604
257,9.128395080566406,0.03551904700609496
258,9.149821996688843,0.035464426343755205
259,9.18732500076294,0.03547229730024301
260,9.588152647018433,0.03687751018084012
261,9.253061532974243,0.03545234303821549
262,9.487837314605713,0.03621311952139585
263,9.230138540267944,0.03509558380330017
264,9.586615085601807,0.036312935930309875
265,9.425888538360596,0.0355693907107947
266,9.37985634803772,0.035262617849765865
267,9.467950820922852,0.03546048996600319
268,9.403193950653076,0.03508654459198909
269,9.475295305252075,0.03522414611617872
270,9.590086221694946,0.03551883785812943
271,9.568254232406616,0.03530721118969231
272,9.541526794433594,0.0350791426265941
273,9.709245681762695,0.03556500249729925
274,9.653139352798462,0.03523043559415497
275,9.671290397644043,0.03516832871870561
276,9.653798580169678,0.0349775310875713
277,9.796067953109741,0.03536486625671387
278,9.795462369918823,0.035235476150787134
279,9.846950769424438,0.03529373035635999
280,9.931756258010864,0.03547055806432452
281,9.979665517807007,0.0355148239067865
282,9.774947166442871,0.034662933214336424
283,10.04395580291748,0.035491009904302054
284,9.969494581222534,0.035103854159234275
285,10.00173306465149,0.035093800226847334
286,10.077656269073486,0.03523656038137583
287,10.037962675094604,0.034975479704162385
288,10.139207601547241,0.03520558194981681
289,10.282968282699585,0.03558120513044839
290,10.084221601486206,0.03477317793615933
291,10.15244197845459,0.034888116764448765
292,10.353018283843994,0.03545554206795888
293,10.34995698928833,0.03532408528767348
294,10.485679149627686,0.03566557533886968
295,10.526136636734009,0.03568181910757291
296,10.385764122009277,0.035087040952734044
297,10.43503189086914,0.035134787511343905
298,10.604239225387573,0.03558469538720662
299,10.719244003295898,0.035850314392293976
300,10.579670906066895,0.035265569686889646
301,10.617503881454468,0.03527409927393511
302,10.512423276901245,0.03480934859901075
303,10.825782537460327,0.035728655239142995
304,10.675472974777222,0.035116687417030334
305,10.715968370437622,0.03513432252602499
306,10.717463970184326,0.0350243920594259
307,10.786243438720703,0.03513434344860164
308,10.825258493423462,0.035146943160465786
309,10.881216764450073,0.03521429373608438
310,10.961166620254517,0.03535860200082102
311,10.99937629699707,0.035367769443720484
312,11.050257682800293,0.035417492573077865
313,11.097639322280884,0.03545571668460346
314,10.961630821228027,0.03490965229690455
315,11.027393579483032,0.0350075986650255
316,11.150758266448975,0.03528720970395245
317,11.196012735366821,0.03531865216204044
318,11.215426206588745,0.03526863586977593
319,11.254519939422607,0.035280626769349864
320,11.290510177612305,0.035282844305038454
321,11.30522346496582,0.035218764688367044
322,11.40558123588562,0.03542105973877522
323,11.473526954650879,0.0355217552775569
324,11.392192363739014,0.035161087542404365
325,11.483142614364624,0.035332746505737304
326,11.484369039535522,0.03522812588814577
327,11.509252309799194,0.035196490244034234
328,11.519941806793213,0.03512177380119882
329,11.596409559249878,0.03524744546884461
330,11.57450270652771,0.035074250625841547
331,11.68918251991272,0.035314750815446286
332,11.778898239135742,0.03547860915402332
333,11.76073169708252,0.03531751260385141
334,11.753416776657104,0.03518987058879373
335,11.800446033477783,0.03522521204023219
336,11.813799858093262,0.03516011862527756
337,11.815992593765259,0.03506229256310166
338,11.9506196975708,0.035356863010564496
339,12.053420543670654,0.03555581281318777
340,11.983186483383179,0.035244666127597586
341,12.111129999160767,0.03551651026146852
342,12.076030969619751,0.035310032074911554
343,12.022733449935913,0.03505170102022132
344,12.139281511306763,0.035288609044496405
345,12.283081769943237,0.03560313556505286
346,12.148891687393188,0.03511240372078956
347,12.228047609329224,0.03523933028625136
348,12.304133892059326,0.03535670658637737
349,12.358968734741211,0.035412517864587996
350,12.32234811782837,0.03520670890808106
351,12.408461809158325,0.03535174304603511
352,12.375059843063354,0.03515642000870271
353,12.53785514831543,0.03551800325301822
354,12.389317512512207,0.034998072069243526
355,12.613703727722168,0.03553155979640047
356,12.53189492225647,0.03520195202881031
357,12.471353769302368,0.0349337640596705
358,12.628138065338135,0.035274128674128866
359,12.561825037002563,0.03499115609192915
360,12.522762537002563,0.03478545149167379
361,12.55474305152893,0.03477768158318263
362,12.78004503250122,0.03530399180248956
363,12.795492172241211,0.03524928973069204
364,12.902654647827148,0.03544685342809656
365,12.884843349456787,0.03530094068344325
366,13.07478928565979,0.035723467993605984
367,13.13659954071045,0.03579454915724918
368,13.032103538513184,0.03541332483291626
369,12.996952533721924,0.035222093587322284
370,13.079894065856934,0.03535106504285658
371,13.15531325340271,0.03545906537305313
372,13.059290170669556,0.03510561873835902
373,13.13809585571289,0.03522277709306405
374,13.112378597259521,0.03505983582154952
375,13.204726457595825,0.0352126038869222
376,13.30324673652649,0.03538097536310236
377,13.482391119003296,0.0357623106604862
378,13.302247762680054,0.03519113164730173
379,13.211697578430176,0.03485936036525112
380,13.333987474441528,0.03508944072221455
381,13.41011667251587,0.03519715662077656
382,13.443327188491821,0.03519195599081629
383,13.486079454421997,0.03521169570345169
384,13.441871166229248,0.035004872828722
385,13.571138381958008,0.03524971008300781
386,13.656072854995728,0.03537842708548116
387,13.75894808769226,0.035552837435897315
388,13.54433274269104,0.03490807407910062
389,13.786527395248413,0.035440944460792836
390,13.805664777755737,0.03539914045578394
391,13.802711963653564,0.03530105361548226
392,13.944605350494385,0.03557297283289384
393,13.800629615783691,0.035116105892579366
394,13.7940194606781,0.03501020167684797
395,13.998952627182007,0.03544038639792913
396,13.961702346801758,0.03525682410808525
397,14.042502403259277,0.035371542577479285
398,13.980210304260254,0.035126156543367475
399,14.075868129730225,0.03527786498679254
400,14.080180883407593,0.03520045220851898
401,14.102846384048462,0.03516919297767696
402,14.15941309928894,0.035222420644997365
403,14.270962238311768,0.03541181696851555
404,14.262646913528442,0.035303581469129805
405,14.085538625717163,0.034779107717820154
406,14.241094589233398,0.03507658765821034
407,14.35331916809082,0.035266140462139606
408,14.413927555084229,0.03532825381148095
409,14.518338441848755,0.03549716000452018
410,14.421330213546753,0.03517397613060184
411,14.407280206680298,0.03505420974861386
412,14.609373807907104,0.03545964516482307
413,14.534094095230103,0.03519151112646514
414,14.526045560836792,0.035087066572069545
415,14.627560138702393,0.03524713286434311
416,14.62067699432373,0.035145858159432046
417,14.79531455039978,0.035480370624459905
418,14.631704092025757,0.035004076775181234
419,14.786766052246094,0.03529061110321263
420,14.792500734329224,0.03522023984364101
421,14.981061220169067,0.035584468456458594
422,14.834672689437866,0.03515325281857314
423,15.047904968261719,0.03557424342378657
424,15.025229215621948,0.03543686135759894
425,14.91936993598938,0.03510439984938678
426,14.94486951828003,0.035081853329295844
427,15.07255244255066,0.03529871766405306
428,15.021284103393555,0.03509645818549896
429,15.195808410644531,0.035421464826677226
430,15.06531310081482,0.035035611862360046
431,15.123871326446533,0.035090188692451355
432,15.314880132675171,0.03545111141822956
433,15.322907209396362,0.03538777646511862
434,15.206729412078857,0.03503854703243976
435,15.37021541595459,0.035333828542424346
436,15.357107877731323,0.03522272449020946
437,15.253029108047485,0.03490395676898738
438,15.455307722091675,0.03528609068970702
439,15.457785606384277,0.035211356734360544
440,15.397284269332886,0.034993827884847464
441,15.605525255203247,0.03538667858322732
442,15.416621446609497,0.034879234042102934
443,15.518128395080566,0.03502963520334214
444,15.687747716903687,0.035332765128161456
445,15.634207487106323,0.0351330505328232
446,15.720496416091919,0.03524774981186529
447,15.652384757995605,0.03501652071139957
448,15.719572305679321,0.035088331039462774
449,15.808653831481934,0.035208583143612325
450,15.964117765426636,0.03547581725650364
451,15.742724180221558,0.034906262040402564
452,15.921674489974976,0.03522494356189154
453,16.063617706298828,0.03546052473796651
454,16.105618715286255,0.03547493109093889
455,15.96257734298706,0.03508258756700453
456,16.147725105285645,0.035411677862468516
457,15.967392444610596,0.03493958959433391
458,16.120128393173218,0.03519678688465768
459,16.305269956588745,0.03552346395770969
460,16.14851999282837,0.03510547824527906
461,16.07882022857666,0.03487813498606651
462,16.274797439575195,0.0352268342847948
463,16.231396913528442,0.03505701277219966
464,16.374854564666748,0.03529063483764385
465,16.413084030151367,0.03529695490355133
466,16.379623413085938,0.03514940646584965
467,16.375664710998535,0.03506566319271635
468,16.433023691177368,0.035113298485421725
469,16.633910655975342,0.035466760460501796
470,16.63941240310669,0.03540300511299296
471,16.39132261276245,0.034801109581236625
472,16.50874900817871,0.034976163152921
473,16.64248752593994,0.03518496305695548
474,16.726061820983887,0.03528705025524027
475,16.633898973464966,0.03501873468097887
476,16.784178972244263,0.03526088019379047
477,16.60958194732666,0.03482092651431166
478,16.865143537521362,0.03528272706594427
479,16.70017409324646,0.03486466407775879
480,16.794745445251465,0.03498905301094055
481,17.031687259674072,0.03540891322177562
482,16.942203044891357,0.03514979884832232
483,17.041087865829468,0.035281755415796
484,17.097495317459106,0.03532540354846923
485,17.279367685317993,0.035627562237769056
486,17.071162223815918,0.035125848197152094
487,17.127763986587524,0.03516994658436863
488,17.19576930999756,0.03523723219261795
489,17.204952478408813,0.03518395189858653
490,17.16013264656067,0.03502067887053198
491,17.284186363220215,0.03520200888639555
492,17.310418844223022,0.03518377813866468
493,17.381711721420288,0.035257021747302816
494,17.373910188674927,0.03516985868152819
495,17.493417024612427,0.035340236413358435
496,17.365317344665527,0.03501072045295469
497,17.462012767791748,0.03513483454284054
498,17.30482316017151,0.03474864088387853
499,17.64179491996765,0.03535429843680892
500,17.606839179992676,0.03521367835998535
501,17.762178897857666,0.03545345089392748
502,17.706072330474854,0.03527106041927262
503,17.718907117843628,0.03522645550267123
504,17.87201476097107,0.03546034674795847
505,17.653276443481445,0.0349569830563989
506,17.83263897895813,0.03524236952363267
507,17.814902782440186,0.03513787531053291
508,18.013545274734497,0.03545973479278444
509,18.020939826965332,0.03540459690955861
510,18.01008129119873,0.03531388488470339
511,17.965560913085938,0.03515765345026602
512,18.034706354141235,0.0352240358479321
513,18.276975870132446,0.03562763327511198
514,18.129210472106934,0.03527083749437147
515,18.21285319328308,0.03536476348210307
516,18.21874737739563,0.03530764995619308
517,18.15069556236267,0.03510772836046938
518,18.194399118423462,0.035124322622439114
519,18.30466079711914,0.03526909594820644
520,18.40198802947998,0.03538843851823073
521,18.16407823562622,0.03486387377279505
522,18.516269207000732,0.03547178009003972
523,18.374783992767334,0.03513343019649586
524,18.45605969429016,0.0352214879662026
525,18.492844820022583,0.03522446632385254
526,18.501605987548828,0.03517415586986469
527,18.64869713783264,0.035386522083173895
528,18.572673320770264,0.035175517652973984
529,18.509949922561646,0.03499045353981407
530,18.800734043121338,0.03547308310022894
531,18.732012271881104,0.035276859269079294
532,18.67400860786438,0.0351015199395947
533,18.787173986434937,0.03524798121282352
534,18.83354091644287,0.03526880321431249
535,18.77718234062195,0.03509753708527467
536,18.902573347091675,0.03526599505054417
537,19.070884704589844,0.03551375177763472
538,19.023268699645996,0.035359235501200736
539,19.02325940132141,0.03529361670003972
540,19.063310146331787,0.035302426196910715
541,19.092334270477295,0.03529082120236099
542,19.022645235061646,0.03509713143000304
543,19.211668968200684,0.03538060583462373
544,19.166760683059692,0.03523301596150679
545,19.095275163650513,0.035037202135138557
546,19.23260998725891,0.03522456041622511
547,19.311140060424805,0.03530372954373822
548,19.305726289749146,0.03522942753603859
549,19.334861755371094,0.03521832742326247
550,19.449307203292847,0.035362376733259725
551,19.457906484603882,0.03531380487223935
552,19.574856996536255,0.03546169745749322
553,19.46589159965515,0.03520052730498219
554,19.452719688415527,0.035113212433963044
555,19.595845222473145,0.03530782922968134
556,19.559621572494507,0.03517917549009803
557,19.64525580406189,0.03526975907371973
558,19.55072021484375,0.035037133001512094
559,19.58107328414917,0.035028753638907284
560,19.642821550369263,0.03507646705423083
561,19.847222805023193,0.03537829377009482
562,19.747021436691284,0.03513704881973538
563,19.813441514968872,0.03519261370331949
564,19.91412925720215,0.0353087398177343
565,19.84546709060669,0.035124720514348125
566,19.96604347229004,0.03527569518072445
567,20.047871112823486,0.03535779737711373
568,20.011034727096558,0.03523069494207141
569,19.92827010154724,0.03502332179533786
570,19.97744584083557,0.03504815059795714
571,20.067879915237427,0.035145148713200396
572,20.04260754585266,0.035039523681560596
573,20.13436245918274,0.035138503419167084
574,20.102925777435303,0.03502251877601969
575,20.077232360839844,0.034916925844938856
576,20.308704137802124,0.03525816690590647
577,20.399399995803833,0.03535424609324755
578,20.3774836063385,0.03525516194868253
579,20.523221015930176,0.03544597757500894
580,20.444629907608032,0.03524936190966902
581,20.38487482070923,0.03508584306490401
582,20.42526626586914,0.03509495921970643
583,20.534098863601685,0.035221438874102375
584,20.408982038497925,0.03494688705222247
585,20.699374675750732,0.03538354645427476
586,20.684886932373047,0.035298441864117826
587,20.76045823097229,0.03536704979722707
588,20.66562247276306,0.03514561645027731
589,20.631364345550537,0.03502778326918597
590,20.758713722229004,0.035184260546150856
591,20.88312339782715,0.035335234175680456
592,20.81247305870056,0.03515620449104825
593,20.818745136260986,0.03510749601393084
594,20.81023597717285,0.0350340673016378
595,20.97412943840027,0.03525063771159709
596,20.874921083450317,0.03502503537491664
597,21.099870204925537,0.035343166172404586
598,20.969480752944946,0.035066021325994894
599,21.01038360595703,0.035075765619293875
600,21.105825424194336,0.03517637570699056
601,21.283300161361694,0.03541314502722412
602,21.144954919815063,0.03512450983357984
603,21.28299069404602,0.03529517528034166
604,21.042784452438354,0.03483904710668602
605,21.218217372894287,0.035071433674205434
606,21.29361867904663,0.03513798461888883
607,21.45341682434082,0.03534335555904583
608,21.41244411468506,0.03521783571494253
609,21.365683794021606,0.035083224620725134
610,21.48742651939392,0.03522528937605561
611,21.561524629592896,0.03528891101406366
612,21.549896478652954,0.03521224914812574
613,21.697760343551636,0.03539602013629957
614,21.50413942337036,0.035023028376824694
615,21.694641828536987,0.03527584037160486
616,21.74881410598755,0.03530651640582394
617,21.657107830047607,0.03510066098873194
618,21.7377028465271,0.0351742764506911
619,21.860443830490112,0.03531574124473362
620,21.851934671401978,0.03524505592161609
621,21.650769472122192,0.03486436307910176
622,21.826927185058594,0.03509152280556044
623,21.976089239120483,0.035274621571621964
624,21.98940896987915,0.03523943745172941
625,21.97285485267639,0.03515656776428223
626,21.933676958084106,0.035037822616747774
627,22.1364426612854,0.03530533119822233
628,21.99205732345581,0.03501919955964301
629,22.27351951599121,0.03541100082033579
630,22.42051935195923,0.03558812595549084
631,22.216599464416504,0.035208556995905714
632,22.184982538223267,0.035102820471872256
633,22.378031492233276,0.035352340430068366
634,22.38073992729187,0.03530085162033418
635,22.30870008468628,0.03513181115698626
636,22.45015001296997,0.03529897800781442
637,22.489522695541382,0.03530537314841661
638,22.36022162437439,0.03504736931720124
639,22.57520079612732,0.035328952732593615
640,22.464421033859253,0.03510065786540508
641,22.598491668701172,0.03525505720546205
642,22.674071073532104,0.035317867715782096
643,22.64855694770813,0.03522326119394732
644,22.746483087539673,0.035320625912328686
645,22.77632999420166,0.03531213952589405
646,22.786017656326294,0.035272473152207884
647,22.817574739456177,0.035266730663765344
648,22.7575466632843,0.03511967077667331
649,22.79854106903076,0.03512872275659593
650,22.940249919891357,0.03529269218444824
651,22.989481210708618,0.035314103242255944
652,22.978675365447998,0.035243367124920245
653,23.04422879219055,0.03528978375526884
654,23.046474933624268,0.03523925830829399
655,23.13450026512146,0.03531984773300986
656,23.168123960494995,0.035317262134900905
657,23.242629528045654,0.035376909479521546
658,23.260172605514526,0.03534980639135946
659,23.28614568710327,0.035335577673904814
660,23.352025270462036,0.03538185647039702
661,23.28595805168152,0.03522837829301289
662,23.283814907073975,0.03517192584150147
663,23.169825077056885,0.03494694581758203
664,23.251269817352295,0.03501697261649442
665,23.606156587600708,0.03549797983097851
666,23.572338819503784,0.035393902131387066
667,23.64854860305786,0.035455095356908335
668,23.62233281135559,0.035362773669693995
669,23.63025140762329,0.035321750982994456
670,23.587184190750122,0.035204752523507646
671,23.60752511024475,0.03518260076042437
672,23.839036464691162,0.035474756643885656
673,23.631446838378906,0.035113591141722
674,23.59274458885193,0.03500407209028476
675,23.558540105819702,0.03490154089751067
676,23.740941047668457,0.03511973527761606
677,23.751288890838623,0.03508314459503489
678,23.920122861862183,0.0352804172003867
679,23.876575708389282,0.03516432357642015
680,24.053938150405884,0.03537343845647924
681,23.975648641586304,0.03520653251334259
682,24.0421462059021,0.03525241379164531
683,24.033002614974976,0.035187412320607576
684,23.98672580718994,0.035068312583611025
685,24.119262218475342,0.03521060177879612
686,24.382123708724976,0.03554245438589647
687,24.29894995689392,0.03536965059227645
688,24.130845308303833,0.035073903064395104
689,24.086273670196533,0.03495830721363793
690,24.313101053237915,0.03523637833802597
691,24.396339893341064,0.03530584644477723
692,24.337236881256104,0.035169417458462575
693,24.36440420150757,0.03515787042064584
694,24.447373151779175,0.0352267624665406
695,24.445720434188843,0.035173698466458764
696,24.53412628173828,0.03525018143927914
697,24.515459060668945,0.03517282505117496
698,24.50962805747986,0.03511408031157573
699,24.607025384902954,0.035203183669389064
700,24.614121437072754,0.03516303062438965
701,24.703561067581177,0.03524045801366787
702,24.750688076019287,0.0352573904216799
703,24.781548261642456,0.03525113550731501
704,24.749528884887695,0.03515558080239729
705,24.893803119659424,0.03531035903497791
706,24.90840744972229,0.0352810303820429
707,24.912039041519165,0.0352362645566042
708,25.14555048942566,0.035516314250601214
709,25.390178442001343,0.03581125309168032
710,25.01070523262024,0.03522634539805668
711,25.10706615447998,0.03531232933119547
712,25.07000494003296,0.03521068109555191
713,24.83913278579712,0.034837493388214756
714,24.897631645202637,0.034870632556306215
715,25.019328832626343,0.0349920682973795
716,25.34624147415161,0.03539977859518381
717,25.184494733810425,0.03512481831772723
718,25.233003854751587,0.03514345940773202
719,25.239232301712036,0.03510324381322954
720,25.405624628067017,0.03528558976120419
721,25.345637559890747,0.03515345015241435
722,25.36599636077881,0.035132958948447104
723,25.241925716400146,0.03491276032697116
724,25.422655820846558,0.035114165498406846
725,25.32478976249695,0.03493074449999579
726,25.547577619552612,0.035189500853378256
727,25.53869128227234,0.03512887384081477
728,25.595487594604492,0.035158636805775405
729,25.535380363464355,0.03502795660283176
730,25.633215188980103,0.03511399340956178
731,25.805813312530518,0.03530207019498019
732,25.733431577682495,0.0351549611716974
733,25.857691049575806,0.03527652257786604
734,25.7235004901886,0.03504564099480736
735,25.99538779258728,0.03536787454773779
736,25.906474113464355,0.03519901374112005
737,26.035125255584717,0.03532581445805253
738,26.055139541625977,0.03530506712957449
739,26.060670137405396,0.03526477691123869
740,26.19800329208374,0.03540270715146451
741,26.106549739837646,0.03523151111988886
742,26.17013669013977,0.03526972599749295
743,26.138370037078857,0.03517950206874678
744,26.256994485855103,0.03529165925518159
745,26.219794273376465,0.035194354729364385
746,26.140366315841675,0.03504070551721404
747,26.431103944778442,0.035383003942139814
748,26.315823554992676,0.035181582292770956
749,26.471977472305298,0.035343094088525095
750,26.34989285469055,0.03513319047292074
751,26.363892793655396,0.03510505032444127
752,26.456239223480225,0.03518116918015987
753,26.52456283569336,0.03522518304872956
754,26.503650188446045,0.035150729692899264
755,26.41604781150818,0.034988142796699574
756,26.59879183769226,0.03518358708689452
757,26.6407310962677,0.0351925113557037
758,26.684518337249756,0.03520385004914216
759,26.431326627731323,0.034823882249975395
760,26.689032077789307,0.035117147470775406
761,26.902955055236816,0.0353521091396016
762,26.919206142425537,0.03532704218166081
763,26.854522943496704,0.03519596716054614
764,26.911818742752075,0.03522489364234565
765,27.079853296279907,0.03539850104088877
766,26.9769024848938,0.035217888361480154
767,26.913159132003784,0.03508886457888368
768,26.993398904800415,0.035147654823958874
769,27.139405250549316,0.03529181437002512
770,27.06107783317566,0.035144256926202155
771,27.199278831481934,0.03527792325743442
772,27.168997764587402,0.03519300228573498
773,27.11137843132019,0.035072934581268034
774,27.14052128791809,0.03506527298180632
775,27.354084968566895,0.03529559350782825
776,27.220642566680908,0.035078147637475396
777,27.413857460021973,0.03528166983271811
778,27.294567108154297,0.0350829911415865
779,27.410590171813965,0.03518689367370214
780,27.3837628364563,0.03510738825186705
781,27.470388889312744,0.03517335325136075
782,27.452173948287964,0.0351050817753043
783,27.46315312385559,0.035074269634553755
784,27.5939199924469,0.03519632652097819
785,27.484766960144043,0.03501244198744464
786,27.582340002059937,0.03509203562603045
787,27.63376498222351,0.03511278904983928
788,27.675301790237427,0.03512094135816932
789,27.725697994232178,0.03514030164034496
790,27.756409406661987,0.03513469545147087
791,27.723605394363403,0.035048805808297605
792,27.95767307281494,0.03530009226365523
793,27.903676748275757,0.03518748644170966
794,27.996330976486206,0.03525986269078867
795,27.821961402893066,0.0349961778652743
796,27.769439935684204,0.03488623107498016
797,27.9228937625885,0.035034998447413424
798,28.134386777877808,0.03525612378180176
799,27.93883967399597,0.03496725866582725
800,28.129659175872803,0.035162073969841
801,28.099262714385986,0.03508022810784767
802,28.272302389144897,0.035252247368011094
803,28.162373065948486,0.03507144840093211
804,28.304805994033813,0.035204982579644044
805,28.35323214530945,0.035221406391688755
806,28.359636068344116,0.03518565269025325
807,28.30014657974243,0.03506833529088282
808,28.19753074645996,0.034897934092153415
809,29.445555925369263,0.03639747333172962
810,28.679070949554443,0.035406260431548695
811,29.02236843109131,0.03578590435399668
812,28.761103630065918,0.035420078362150144
813,28.65882110595703,0.03525070246735182
814,28.708815574645996,0.03526881520226781
815,28.899834871292114,0.035459920087474985
816,28.723572731018066,0.03520045677820841
817,28.907630920410156,0.035382657185324545
818,28.853241682052612,0.03527291159175136
819,28.966803789138794,0.035368502795041265
820,28.997522115707397,0.035362831848423655
821,28.758562088012695,0.035028699254583066
822,29.166029453277588,0.03548178765605546
823,29.18866753578186,0.03546618169596824
824,29.202308177947998,0.03543969439071359
825,29.33857560157776,0.03556190982009425
826,29.212817668914795,0.03536660734735447
827,29.172927379608154,0.03527560747231941
828,29.298044204711914,0.03538411135834772
829,29.434562921524048,0.035506107263599575
830,29.31101894378662,0.035314480655164605
831,29.493287324905396,0.035491320487250774
832,29.389469146728516,0.035323881185971774
833,29.39336895942688,0.035286157214197936
834,29.50193762779236,0.03537402593260475
835,29.493691444396973,0.03532178616095446
836,29.565500020980835,0.03536543064710626
837,29.79367709159851,0.0355957910293889
838,29.604490280151367,0.035327554033593514
839,29.6076238155365,0.03528918214009118
840,29.698795795440674,0.035355709280286515
841,29.685472011566162,0.035297826410899125
842,29.55146622657776,0.035096753238215865
843,29.874736785888672,0.035438596424541724
844,29.72432827949524,0.0352183984354209
845,29.836278676986694,0.0353092055348955
846,29.931673049926758,0.03538022819140279
847,29.92766571044922,0.035333725750235204
848,29.912436485290527,0.03527409962888034
849,30.128445386886597,0.03548697925428339
850,30.139277696609497,0.035457973760717056
851,30.33270835876465,0.03564360559196786
852,29.931140899658203,0.03513044706532653
853,30.28121519088745,0.03549966610889502
854,30.22310185432434,0.035390049009747473
855,30.100935220718384,0.035205772187974715
856,30.401264190673828,0.0355154955498526
857,30.27240562438965,0.03532369384409527
858,30.16494369506836,0.035157277033879206
859,30.3471417427063,0.03532845371677101
860,30.528756618499756,0.035498554207557854
861,30.413347959518433,0.03532328450582861
862,30.392595052719116,0.035258230919627744
863,30.349695682525635,0.03516766591254419
864,30.550119161605835,0.035358934214821565
865,30.52523922920227,0.03528929390659222
866,30.692169427871704,0.03544130418922829
867,30.71161699295044,0.03542285696995437
868,30.754486560821533,0.035431436129978726
869,30.630919933319092,0.03524846942844544
870,30.774014949798584,0.03537243097677998
871,30.76882529258728,0.03532586141514039
872,30.857619524002075,0.03538717835321339
873,30.876598358154297,0.03536838299903127
874,30.824742794036865,0.03526858443253646
875,30.904553174972534,0.035319489342825756
876,30.966988563537598,0.03535044356568219
877,31.050615549087524,0.03540549093396525
878,31.049635410308838,0.03536404944226519
879,31.029744148254395,0.035301187881973145
880,31.166504383087158,0.03541648225350814
881,31.103384494781494,0.03530463620293019
882,30.785167455673218,0.034903817976953765
883,31.20349907875061,0.035338051051812695
884,31.265378713607788,0.035368075467882114
885,31.149620532989502,0.0351973113367113
886,31.221095085144043,0.035238256303774314
887,31.21994185447693,0.03519722869726824
888,31.174100399017334,0.035105968917812314
889,31.278584957122803,0.035184010075503716
890,31.427018642425537,0.03531125690160173
891,31.184322834014893,0.03499923999328271
892,31.330734968185425,0.035124142341015054
893,31.15952181816101,0.0348930815432934
894,31.328152418136597,0.03504267608292684
895,31.459083795547485,0.0351498142967011
896,31.436065912246704,0.03508489499134677
897,31.50494909286499,0.03512257423953734
898,31.63158869743347,0.03522448630003727
899,31.485785007476807,0.03502312014179845
900,31.796310424804688,0.03532923380533854
901,31.78345823287964,0.03527575830508284
902,31.745550394058228,0.03519462349673861
903,31.775481700897217,0.03518879479612095
904,31.78904151916504,0.035164868937129466
905,31.838428497314453,0.035180583974933094
906,31.533923625946045,0.03480565521627599
907,31.913150310516357,0.03518539174257592
908,32.039647579193115,0.03528595548369286
909,31.777540922164917,0.03495879089347076
910,31.936601161956787,0.03509516611204042
911,31.968322277069092,0.0350914624336653
912,31.984618186950684,0.03507085327516522
913,32.12014555931091,0.035180882321260584
914,32.064308166503906,0.03508129996335219
915,32.15559792518616,0.035142729972881044
916,32.344345808029175,0.03531042118780477
917,32.093366861343384,0.03499821904181394
918,32.37450671195984,0.03526634718078414
919,32.13987946510315,0.034972665359198206
920,32.292508363723755,0.03510055256926495
921,32.427536964416504,0.03520905207862812
922,32.2553985118866,0.03498416324499631
923,32.549609422683716,0.03526501562587618
924,32.37052249908447,0.03503303300766718
925,32.306615114212036,0.03492607039374274
926,32.688997745513916,0.035301293461678096
927,32.52561044692993,0.03508695841092765
928,32.706841707229614,0.035244441494859495
929,32.546879291534424,0.035034315706710895
930,32.68484377861023,0.03514499331033358
931,32.6911780834198,0.03511404735061203
932,32.567026138305664,0.03494316109260264
933,32.769338846206665,0.03512254967439085
934,32.74004578590393,0.035053582211888576
935,33.17411184310913,0.03548033352204185
936,32.69792866706848,0.034933684473363764
937,32.968392848968506,0.03518505106613501
938,33.05197548866272,0.03523664764249757
939,32.99228882789612,0.03513555785718436
940,32.98076295852661,0.03508591804098576
941,33.14933681488037,0.03522777557373047
942,32.996198415756226,0.03502781148169451
943,33.401151180267334,0.03542009669169389
944,33.20676612854004,0.03517665903447038
945,33.19959855079651,0.03513185031830318
946,33.26405572891235,0.03516284960772976
947,33.15429711341858,0.035009817437612015
948,33.176846504211426,0.03499667352764918
949,33.313156843185425,0.035103431868477794
950,33.50861406326294,0.03527222532975046
951,33.27967047691345,0.034994395874777554
952,33.41970753669739,0.03510473480745524
953,33.52913236618042,0.035182720216348815
954,33.729130029678345,0.035355482211402875
955,33.6173255443573,0.035201388004562614
956,33.62968969345093,0.03517749967934197
957,33.639726877212524,0.0351512297567529
958,33.75659418106079,0.035236528372714813
959,33.60193395614624,0.03503851298868221
960,33.75068712234497,0.035156965752442676
961,33.79987668991089,0.0351715678354952
962,33.86033868789673,0.035197857263925915
963,33.96949577331543,0.03527465812389972
964,33.97532796859741,0.03524411614999731
965,33.93476963043213,0.03516556438386749
966,33.861496686935425,0.035053309199726115
967,33.97844409942627,0.03513799803456698
968,33.865283250808716,0.03498479674670322
969,33.93954062461853,0.035025325722000546
970,33.98344683647156,0.035034481274712946
971,34.11656403541565,0.035135493342343616
972,34.12323570251465,0.03510620957048832
973,34.08611083030701,0.03503197413186743
974,34.17893624305725,0.035091310311147074
975,34.10226821899414,0.0349766853528145
976,34.215959787368774,0.03505733584771391
977,34.34259796142578,0.035151072631960885
978,34.56474423408508,0.03534227426798066
979,34.361515283584595,0.035098585580780994
980,34.60987830162048,0.03531620234859233
981,34.53561520576477,0.03520450071943402
982,34.452869176864624,0.03508438816381326
983,34.568169832229614,0.03516599169097621
984,34.837273597717285,0.0354037333310135
985,34.72144293785095,0.03525019587599081
986,34.71897602081299,0.035211943225976663
987,34.81542372703552,0.03527398553904308
988,34.725438833236694,0.035147205296798274
989,34.75179076194763,0.03513831219610478
990,34.79738926887512,0.03514887804936881
991,35.11617684364319,0.03543509267774288
992,34.85953497886658,0.035140660260954214
993,34.89455485343933,0.03514053862380597
994,34.86949276924133,0.03507997260487056
995,34.951343297958374,0.03512697818890289
996,34.642860651016235,0.034781988605437984
997,35.07833409309387,0.03518388575034491
998,35.15056252479553,0.03522100453386326
999,35.07921767234802,0.03511433200435238
1000,35.29882073402405,0.035298820734024045
