Key,H2X,SHAP,LIME,LEMNA,I-MAD,H2X,SHAP,LIME,LEMNA,I-MAD,H2X,SHAP,LIME,LEMNA,I-MAD
0,0.5375,0.3375,0.45,0.025,0.457446809,0.5375,0.3375,0.45,0.025,0.457446809,0.5375,0.3375,0.45,0.025,0.457446809
1,0.525,0.30625,0.433860759,0.025,0.461702128,1.0625,0.64375,0.883860759,0.05,0.919148937,0.53125,0.321875,0.44193038,0.025,0.459574469
2,0.541666667,0.3,0.41007384,0.025,0.467375887,1.604166667,0.94375,1.293934599,0.075,1.386524824,0.534722222,0.314583333,0.431311533,0.025,0.462174941
3,0.559375,0.30625,0.403709226,0.025,0.465425532,2.163541667,1.25,1.697643825,0.1,1.851950356,0.540885417,0.3125,0.424410956,0.025,0.462987589
4,0.56,0.31,0.400467381,0.025,0.464255319,2.723541667,1.56,2.098111206,0.125,2.316205675,0.544708333,0.312,0.419622241,0.025,0.463241135
5,0.55625,0.30625,0.392794547,0.025,0.467375887,3.279791667,1.86625,2.490905753,0.15,2.783581562,0.546631945,0.311041667,0.415150959,0.025,0.46393026
6,0.55,0.298214286,0.381888997,0.025,0.463829787,3.829791667,2.164464286,2.87279475,0.175,3.247411349,0.547113095,0.309209184,0.41039925,0.025,0.463915907
7,0.5515625,0.3,0.380038948,0.025,0.46462766,4.381354167,2.464464286,3.252833698,0.2,3.712039009,0.547669271,0.308058036,0.406604212,0.025,0.464004876
8,0.55,0.298611111,0.372534621,0.025,0.46501182,4.931354167,2.763075397,3.625368319,0.225,4.177050829,0.547928241,0.307008377,0.402818702,0.025,0.464116759
9,0.55,0.30375,0.371531159,0.025,0.465319149,5.481354167,3.066825397,3.996899478,0.25,4.642369978,0.548135417,0.30668254,0.399689948,0.025,0.464236998
10,0.548863636,0.305681818,0.376217137,0.025,0.466344294,6.030217803,3.372507215,4.373116615,0.275,5.108714272,0.548201618,0.306591565,0.397556056,0.025,0.46442857
11,0.54375,0.309375,0.377566131,0.025,0.466134752,6.573967803,3.681882215,4.750682746,0.3,5.574849024,0.54783065,0.306823518,0.395890229,0.025,0.464570752
12,0.545192308,0.3125,0.379681297,0.025,0.465957447,7.119160111,3.994382215,5.130364044,0.325,6.040806471,0.547627701,0.30726017,0.394643388,0.025,0.464677421
13,0.542857143,0.313392857,0.381494297,0.025,0.465957447,7.662017254,4.307775072,5.511858341,0.35,6.506763918,0.547286947,0.307698219,0.393704167,0.025,0.464768851
14,0.539166667,0.313333333,0.381894677,0.025,0.464964539,8.201183921,4.621108405,5.893753018,0.375,6.971728457,0.546745595,0.308073894,0.392916868,0.025,0.464781897
15,0.5375,0.31484375,0.384924994,0.025,0.46462766,8.738683921,4.935952155,6.278678011,0.4,7.436356117,0.546167745,0.30849701,0.392417376,0.025,0.464772257
16,0.536029412,0.311764706,0.38164199,0.025,0.464705882,9.274713333,5.247716861,6.660320001,0.425,7.901061999,0.545571373,0.308689227,0.391783529,0.025,0.464768353
17,0.535416667,0.313888889,0.381967435,0.025,0.464184397,9.81013,5.56160575,7.042287436,0.45,8.365246396,0.545007222,0.308978097,0.391238191,0.025,0.464735911
18,0.534868421,0.310526316,0.379185671,0.025,0.464837626,10.34499842,5.872132066,7.421473107,0.475,8.830084022,0.544473601,0.309059582,0.390603848,0.025,0.464741264
19,0.53625,0.311875,0.379601388,0.025,0.464893617,10.88124842,6.184007066,7.801074495,0.5,9.294977639,0.544062421,0.309200353,0.390053725,0.025,0.464748882
20,0.53452381,0.311309524,0.379977512,0.025,0.465045593,11.41577223,6.49531659,8.181052007,0.525,9.760023232,0.543608201,0.30930079,0.389573905,0.025,0.464763011
21,0.533522727,0.311363636,0.378240905,0.025,0.465087041,11.94929496,6.806680226,8.559292911,0.55,10.22511027,0.543149771,0.309394556,0.389058769,0.025,0.46477774
22,0.533695652,0.310326087,0.382709242,0.025,0.46586494,12.48299061,7.117006313,8.942002153,0.575,10.69097521,0.542738722,0.309435057,0.388782702,0.025,0.464825009
23,0.5328125,0.3109375,0.382908857,0.025,0.465602837,13.01580311,7.427943813,9.32491101,0.6,11.15657805,0.54232513,0.309497659,0.388537959,0.025,0.464857419
24,0.5345,0.312,0.385314021,0.025,0.465446809,13.55030311,7.739943813,9.710225031,0.625,11.62202486,0.542012124,0.309597753,0.388409001,0.025,0.464880994
25,0.534615385,0.315865385,0.385398098,0.025,0.465630115,14.0849185,8.055809198,10.09562313,0.65,12.08765497,0.541727634,0.309838815,0.388293197,0.025,0.464909807
26,0.535185185,0.317592593,0.385188792,0.025,0.465484634,14.62010368,8.373401791,10.48081192,0.675,12.55313961,0.541485321,0.310125992,0.388178219,0.025,0.464931097
27,0.536160714,0.316964286,0.386999815,0.025,0.465729483,15.15626439,8.690366077,10.86781173,0.7,13.01886909,0.541295157,0.310370217,0.388136133,0.025,0.46495961
28,0.535775862,0.318534483,0.388310166,0.025,0.465003668,15.69204026,9.00890056,11.2561219,0.725,13.48387276,0.541104836,0.310651743,0.388142135,0.025,0.46496113
29,0.535,0.32,0.387866494,0.025,0.464893617,16.22704026,9.32890056,11.64398839,0.75,13.94876638,0.540901342,0.310963352,0.388132946,0.025,0.464958879
30,0.53266129,0.321774194,0.385032091,0.025,0.465820178,16.75970155,9.650674754,12.02902048,0.775,14.41458655,0.540635534,0.311312089,0.388032919,0.025,0.464986663
31,0.53359375,0.323046875,0.384718588,0.025,0.465625,17.2932953,9.973721629,12.41373907,0.8,14.88021155,0.540415478,0.311678801,0.387929346,0.025,0.465006611
32,0.533333333,0.323863636,0.384567929,0.025,0.4655706,17.82662863,10.29758527,12.798307,0.825,15.34578215,0.540200868,0.312048038,0.387827485,0.025,0.465023702
33,0.535294118,0.323161765,0.384286519,0.025,0.465394243,18.36192275,10.62074703,13.18259352,0.85,15.8111764,0.540056551,0.312374913,0.387723339,0.025,0.4650346
34,0.537142857,0.321785714,0.382348495,0.025,0.465288754,18.8990656,10.94253274,13.56494202,0.875,16.27646515,0.539973303,0.312643793,0.387569772,0.025,0.465041861
35,0.538194444,0.323611111,0.383331079,0.025,0.465425532,19.43726005,11.26614386,13.94827309,0.9,16.74189068,0.53992389,0.31294844,0.38745203,0.025,0.465052519
36,0.538851351,0.321283784,0.382549979,0.025,0.465324899,19.9761114,11.58742764,14.33082307,0.925,17.20721558,0.539894903,0.31317372,0.387319543,0.025,0.465059881
37,0.538486842,0.319736842,0.382680243,0.025,0.465341545,20.51459824,11.90716448,14.71350332,0.95,17.67255713,0.539857848,0.313346434,0.387197456,0.025,0.465067293
38,0.540384615,0.320192308,0.384877017,0.025,0.465575559,21.05498286,12.22735679,15.09838033,0.975,18.13813269,0.539871355,0.313521969,0.387137957,0.025,0.465080325
39,0.5403125,0.3209375,0.385880092,0.025,0.465425532,21.59529536,12.54829429,15.48426043,1,18.60355822,0.539882384,0.313707357,0.387106511,0.025,0.465088955
40,0.540243902,0.320731707,0.384495551,0.025,0.465179035,22.13553926,12.869026,15.86875598,1.025,19.06873725,0.539891201,0.313878683,0.387042829,0.025,0.465091153
41,0.540178571,0.321428571,0.383376609,0.025,0.464741641,22.67571783,13.19045457,16.25213259,1.05,19.53347889,0.539898044,0.314058442,0.386955538,0.025,0.465082831
42,0.540116279,0.321511628,0.3837632,0.025,0.464522514,23.21583411,13.5119662,16.63589579,1.075,19.99800141,0.539903119,0.314231772,0.386881297,0.025,0.4650698
43,0.541761364,0.321306818,0.384822667,0.025,0.464603482,23.75759547,13.83327301,17.02071845,1.1,20.46260489,0.539945352,0.314392568,0.38683451,0.025,0.465059202
44,0.541111111,0.321388889,0.384604385,0.025,0.464869976,24.29870658,14.1546619,17.40532284,1.125,20.92747487,0.539971257,0.314548042,0.386784952,0.025,0.465054997
45,0.54076087,0.320652174,0.383036899,0.025,0.465171138,24.83946745,14.47531408,17.78835974,1.15,21.392646,0.539988423,0.314680741,0.386703473,0.025,0.465057522
46,0.53962766,0.322606383,0.383505545,0.025,0.465187868,25.37909511,14.79792046,18.17186528,1.175,21.85783387,0.539980747,0.314849371,0.386635432,0.025,0.465060295
47,0.53984375,0.320833333,0.3826361,0.025,0.465691489,25.91893886,15.11875379,18.55450138,1.2,22.32352536,0.539977893,0.314974037,0.386552112,0.025,0.465073445
48,0.539285714,0.320408163,0.381802141,0.025,0.466131133,26.45822458,15.43916196,18.93630352,1.225,22.78965649,0.539963767,0.315084938,0.386455174,0.025,0.46509503
49,0.53925,0.32175,0.383280023,0.025,0.46612766,26.99747458,15.76091196,19.31958355,1.25,23.25578415,0.539949492,0.315218239,0.386391671,0.025,0.465115683
50,0.539460784,0.321323529,0.382962544,0.025,0.466332916,27.53693536,16.08223548,19.70254609,1.275,23.72211707,0.539939909,0.315337951,0.386324433,0.025,0.46513955
51,0.539423077,0.321875,0.383387558,0.025,0.466612111,28.07635844,16.40411048,20.08593365,1.3,24.18872918,0.53992997,0.315463663,0.386267955,0.025,0.465167869
52,0.539386792,0.320518868,0.38393685,0.025,0.46651947,28.61574523,16.72462935,20.4698705,1.325,24.65524865,0.539919721,0.315559044,0.386223972,0.025,0.465193371
53,0.538888889,0.32037037,0.384562492,0.025,0.466627266,29.15463412,17.04499972,20.85443299,1.35,25.12187592,0.539900632,0.315648143,0.386193204,0.025,0.465219924
54,0.538636364,0.321363636,0.384014635,0.025,0.466769826,29.69327048,17.36636336,21.23844762,1.375,25.58864574,0.539877645,0.315752061,0.386153593,0.025,0.465248104
55,0.538392857,0.321205357,0.384076874,0.025,0.466679331,30.23166334,17.68756872,21.6225245,1.4,26.05532507,0.539851131,0.315849441,0.386116509,0.025,0.465273662
56,0.538596491,0.321491228,0.38391763,0.025,0.466629339,30.77025983,18.00905994,22.00644213,1.425,26.52195441,0.53982912,0.31594842,0.386077932,0.025,0.465297446
57,0.537715517,0.321982759,0.384500456,0.025,0.466727806,31.30797535,18.3310427,22.39094259,1.45,26.98868222,0.539792678,0.31605246,0.386050734,0.025,0.465322107
58,0.538347458,0.321398305,0.38420534,0.025,0.466931122,31.84632281,18.65244101,22.77514793,1.475,27.45561334,0.539768183,0.316143068,0.386019456,0.025,0.465349379
59,0.538333333,0.320416667,0.384763943,0.025,0.466808511,32.38465614,18.97285767,23.15991187,1.5,27.92242185,0.539744269,0.316214295,0.385998531,0.025,0.465373698
60,0.538114754,0.320696721,0.384474183,0.025,0.466341123,32.92277089,19.2935544,23.54438605,1.525,28.38876298,0.539717556,0.316287777,0.385973542,0.025,0.465389557
61,0.538104839,0.321169355,0.384926213,0.025,0.466231984,33.46087573,19.61472375,23.92931226,1.55,28.85499496,0.539691544,0.316366512,0.385956649,0.025,0.465403145
62,0.538095238,0.323015873,0.385647697,0.025,0.466160081,33.99897097,19.93773962,24.31495996,1.575,29.32115504,0.539666206,0.316472058,0.385951745,0.025,0.465415159
63,0.538085938,0.3234375,0.38489539,0.025,0.466289894,34.53705691,20.26117712,24.69985535,1.6,29.78744493,0.539641514,0.316580893,0.38593524,0.025,0.465428827
64,0.537692308,0.323653846,0.384550845,0.025,0.466219313,35.07474922,20.58483097,25.0844062,1.625,30.25366425,0.539611526,0.316689707,0.385913941,0.025,0.465440988
65,0.537878788,0.323674242,0.385523074,0.025,0.46615087,35.612628,20.90850521,25.46992927,1.65,30.71981512,0.539585273,0.316795534,0.385908019,0.025,0.465451744
66,0.538246269,0.324067164,0.385366013,0.025,0.466020959,36.15087427,21.23257238,25.85529528,1.675,31.18583608,0.539565288,0.316904065,0.38589993,0.025,0.46546024
67,0.537316176,0.324264706,0.384911077,0.025,0.465926158,36.68819045,21.55683708,26.24020636,1.7,31.65176223,0.539532212,0.31701231,0.385885388,0.025,0.465467092
68,0.536775362,0.324094203,0.38391897,0.025,0.466204132,37.22496581,21.88093128,26.62412533,1.725,32.11796637,0.539492258,0.317114946,0.385856889,0.025,0.465477773
69,0.536785714,0.324464286,0.383678537,0.025,0.466443769,37.76175153,22.20539557,27.00780387,1.75,32.58441014,0.539453593,0.317219937,0.38582577,0.025,0.465491573
70,0.536443662,0.324471831,0.382553451,0.025,0.466646689,38.29819519,22.5298674,27.39035732,1.775,33.05105682,0.5394112,0.317322076,0.385779681,0.025,0.465507843
71,0.536458333,0.324305556,0.383041897,0.025,0.466873522,38.83465352,22.85417296,27.77339922,1.8,33.51793035,0.539370188,0.317419069,0.385741656,0.025,0.46552681
72,0.537157534,0.32380137,0.382129757,0.025,0.466482075,39.37181105,23.17797433,28.15552897,1.825,33.98441242,0.539339877,0.317506498,0.385692178,0.025,0.465539896
73,0.537162162,0.323817568,0.382268612,0.025,0.466474986,39.90897322,23.5017919,28.53779758,1.85,34.45088741,0.539310449,0.317591782,0.385645913,0.025,0.465552533
74,0.537666667,0.324166667,0.382171698,0.025,0.466496454,40.44663988,23.82595856,28.91996928,1.875,34.91738386,0.539288532,0.317679447,0.38559959,0.025,0.465565118
75,0.537993421,0.324013158,0.382139791,0.025,0.466545353,40.9846333,24.14997172,29.30210907,1.9,35.38392921,0.539271491,0.317762786,0.385554067,0.025,0.465578016
76,0.537824675,0.324512987,0.382273107,0.025,0.466399558,41.52245798,24.47448471,29.68438218,1.925,35.85032877,0.539252701,0.317850451,0.385511457,0.025,0.465588685
77,0.537820513,0.325,0.381591579,0.025,0.466557556,42.06027849,24.79948471,30.06597376,1.95,36.31688633,0.53923434,0.317942112,0.385461202,0.025,0.465601107
78,0.537974684,0.325316456,0.381728458,0.025,0.466469162,42.59825318,25.12480116,30.44770222,1.975,36.78335549,0.539218395,0.318035458,0.385413952,0.025,0.465612095
79,0.53796875,0.325625,0.381861916,0.025,0.466329787,43.13622193,25.45042616,30.82956413,2,37.24968528,0.539202774,0.318130327,0.385369552,0.025,0.465621066
80,0.537962963,0.325617284,0.382460901,0.025,0.466272656,43.67418489,25.77604345,31.21202503,2.025,37.71595793,0.539187468,0.318222759,0.385333642,0.025,0.46562911
81,0.537652439,0.325914634,0.382582172,0.025,0.466113129,44.21183733,26.10195808,31.59460721,2.05,38.18207106,0.539168748,0.318316562,0.385300088,0.025,0.465635013
82,0.5375,0.326204819,0.383243832,0.025,0.466316329,44.74933733,26.4281629,31.97785104,2.075,38.64838739,0.539148643,0.318411601,0.385275314,0.025,0.465643222
83,0.537202381,0.325892857,0.382599429,0.025,0.466362715,45.28653971,26.75405576,32.36045047,2.1,39.11475011,0.539125473,0.318500664,0.385243458,0.025,0.465651787
84,0.537352941,0.326029412,0.382863709,0.025,0.466533166,45.82389265,27.08008517,32.74331418,2.125,39.58128327,0.539104619,0.318589237,0.385215461,0.025,0.465662156
85,0.5375,0.325581395,0.38356341,0.025,0.466872835,46.36139265,27.40566656,33.12687759,2.15,40.04815611,0.539085961,0.318670541,0.385196251,0.025,0.465676234
86,0.537212644,0.324712644,0.383374044,0.025,0.466788946,46.89860529,27.73037921,33.51025163,2.175,40.51494505,0.539064429,0.318739991,0.385175306,0.025,0.465689024
87,0.537642045,0.323721591,0.383705021,0.025,0.466827853,47.43624734,28.0541008,33.89395665,2.2,40.98177291,0.539048265,0.3187966,0.385158598,0.025,0.465701965
88,0.537078652,0.323735955,0.38402856,0.025,0.466985417,47.97332599,28.37783675,34.27798521,2.225,41.44875832,0.539026135,0.318852098,0.385145901,0.025,0.465716386
89,0.537083333,0.323055556,0.383372687,0.025,0.467092199,48.51040932,28.70089231,34.6613579,2.25,41.91585052,0.539004548,0.318898803,0.385126199,0.025,0.465731672
90,0.537087912,0.323076923,0.382868592,0.025,0.466962824,49.04749724,29.02396923,35.04422649,2.275,42.38281335,0.538983486,0.318944717,0.38510139,0.025,0.465745202
91,0.53736413,0.323369565,0.382284302,0.025,0.46713691,49.58486137,29.3473388,35.42651079,2.3,42.84995026,0.538965884,0.318992813,0.385070769,0.025,0.465760329
92,0.536962366,0.323790323,0.382937567,0.025,0.467261496,50.12182373,29.67112912,35.80944836,2.325,43.31721175,0.538944341,0.319044399,0.385047832,0.025,0.46577647
93,0.536835106,0.324468085,0.382720146,0.025,0.467360797,50.65865884,29.99559721,36.19216851,2.35,43.78457255,0.538921903,0.319102098,0.385023069,0.025,0.465793325
94,0.536447368,0.324736842,0.382955337,0.025,0.467323628,51.19510621,30.32033405,36.57512384,2.375,44.25189618,0.538895855,0.319161411,0.385001304,0.025,0.465809433
95,0.536848958,0.325,0.383783928,0.025,0.46733156,51.73195516,30.64533405,36.95890777,2.4,44.71922774,0.538874533,0.31922223,0.384988623,0.025,0.465825289
96,0.536984536,0.325257732,0.384208836,0.025,0.467339329,52.2689397,30.97059178,37.34311661,2.425,45.18656707,0.538855048,0.319284451,0.384980584,0.025,0.465840898
97,0.536479592,0.325255102,0.384421636,0.025,0.467455493,52.80541929,31.29584688,37.72753824,2.45,45.65402256,0.538830809,0.319345376,0.38497488,0.025,0.465857373
98,0.536489899,0.325252525,0.383990833,0.025,0.467375887,53.34190919,31.62109941,38.11152908,2.475,46.12139845,0.538807164,0.319405045,0.38496494,0.025,0.465872712
99,0.536375,0.325,0.383062317,0.025,0.467255319,53.87828419,31.94609941,38.4945914,2.5,46.58865377,0.538782842,0.319460994,0.384945914,0.025,0.465886538
100,0.536386139,0.324752475,0.382904162,0.025,0.46738993,54.41467033,32.27085188,38.87749556,2.525,47.0560437,0.538759112,0.319513385,0.384925699,0.025,0.465901423
101,0.536151961,0.324019608,0.382581572,0.025,0.467313308,54.95082229,32.59487149,39.26007713,2.55,47.523357,0.538733552,0.319557564,0.384902717,0.025,0.465915265
102,0.535800971,0.324150485,0.382922737,0.025,0.467444743,55.48662326,32.91902198,39.64299987,2.575,47.99080175,0.53870508,0.319602155,0.384883494,0.025,0.465930114
103,0.535817308,0.324158654,0.382726364,0.025,0.467184943,56.02244057,33.24318063,40.02572623,2.6,48.45798669,0.538677313,0.319645968,0.384862752,0.025,0.46594218
104,0.535952381,0.323690476,0.38312897,0.025,0.46733536,56.55839295,33.56687111,40.4088552,2.625,48.92532205,0.538651361,0.319684487,0.38484624,0.025,0.465955448
105,0.536084906,0.323231132,0.383052282,0.025,0.467503011,57.09447786,33.89010224,40.79190748,2.65,49.39282506,0.53862715,0.319717946,0.384829316,0.025,0.465970048
106,0.535747664,0.323014019,0.38302139,0.025,0.467627759,57.63022552,34.21311626,41.17492887,2.675,49.86045282,0.538600239,0.31974875,0.384812419,0.025,0.46598554
107,0.535763889,0.323263889,0.383694305,0.025,0.467651694,58.16598941,34.53638015,41.55862318,2.7,50.32810451,0.538573976,0.319781298,0.384802066,0.025,0.466000968
108,0.536009174,0.323394495,0.383309698,0.025,0.467460472,58.70199858,34.85977464,41.94193287,2.725,50.79556499,0.538550446,0.319814446,0.384788375,0.025,0.466014358
109,0.536136364,0.323181818,0.383006882,0.025,0.467408124,59.23813495,35.18295646,42.32493976,2.75,51.26297311,0.5385285,0.319845059,0.38477218,0.025,0.466027028
110,0.536824324,0.323310811,0.383547703,0.025,0.467375887,59.77495927,35.50626727,42.70848746,2.775,51.730349,0.538513147,0.319876282,0.384761148,0.025,0.46603918
111,0.5375,0.323102679,0.383471384,0.025,0.467154255,60.31245927,35.82936995,43.09195884,2.8,52.19750325,0.538504101,0.319905089,0.384749633,0.025,0.466049136
112,0.537942478,0.323230088,0.383214384,0.025,0.467087178,60.85040175,36.15260004,43.47517323,2.825,52.66459043,0.538499131,0.319934514,0.384736046,0.025,0.466058322
113,0.537719298,0.323245614,0.382850856,0.025,0.46703994,61.38812105,36.47584565,43.85802408,2.85,53.13163037,0.53849229,0.319963558,0.38471951,0.025,0.466066933
114,0.537608696,0.323152174,0.382713793,0.025,0.467086031,61.92572974,36.79899782,44.24073788,2.875,53.5987164,0.538484606,0.319991285,0.384702068,0.025,0.466075795
115,0.537931034,0.323275862,0.382579093,0.025,0.46714967,62.46366078,37.12227369,44.62331697,2.9,54.06586607,0.538479834,0.320019601,0.384683767,0.025,0.466085052
116,0.53792735,0.32275641,0.382446696,0.025,0.46717585,63.00158813,37.4450301,45.00576367,2.925,54.53304192,0.538475112,0.320042992,0.384664647,0.025,0.466094375
117,0.538347458,0.322563559,0.382852908,0.025,0.467021277,63.53993559,37.76759366,45.38861657,2.95,55.0000632,0.53847403,0.320064353,0.384649293,0.025,0.46610223
118,0.538760504,0.322689076,0.382786917,0.025,0.467137493,64.07869609,38.09028273,45.77140349,2.975,55.46720069,0.538476438,0.32008641,0.384633643,0.025,0.46611093
119,0.5384375,0.3228125,0.383034526,0.025,0.466985816,64.61713359,38.41309523,46.15443802,3,55.93418651,0.538476113,0.320109127,0.384620317,0.025,0.466118221
120,0.538429752,0.322830579,0.382554902,0.025,0.467117988,65.15556334,38.73592581,46.53699292,3.025,56.40130449,0.53847573,0.320131618,0.384603247,0.025,0.466126483
121,0.538319672,0.322848361,0.382390518,0.025,0.467091036,65.69388301,39.05877417,46.91938344,3.05,56.86839553,0.538474451,0.320153887,0.38458511,0.025,0.46613439
122,0.53851626,0.322764228,0.382060287,0.025,0.467151012,66.23239927,39.3815384,47.30144372,3.075,57.33554654,0.538474791,0.320175109,0.384564583,0.025,0.466142655
123,0.538709677,0.323084677,0.382003349,0.025,0.467278655,66.77110895,39.70462308,47.68344707,3.1,57.8028252,0.538476685,0.320198573,0.384543928,0.025,0.466151816
124,0.5387,0.3231,0.381580234,0.025,0.467370213,67.30980895,40.02772308,48.06502731,3.125,58.27019541,0.538478472,0.320221785,0.384520218,0.025,0.466161563
125,0.538888889,0.323115079,0.381063372,0.025,0.46749409,67.84869784,40.35083816,48.44609068,3.15,58.7376895,0.538481729,0.320244747,0.384492783,0.025,0.466172139
126,0.539074803,0.323425197,0.382249059,0.025,0.467364718,68.38777264,40.67426335,48.82833974,3.175,59.20505422,0.538486399,0.32026979,0.384475116,0.025,0.466181529
127,0.539257813,0.323046875,0.381932833,0.025,0.467436835,68.92703046,40.99731023,49.21027257,3.2,59.67249105,0.538492425,0.320291486,0.384455254,0.025,0.466191336
128,0.53875969,0.323062016,0.382014013,0.025,0.467507834,69.46579015,41.32037224,49.59228658,3.225,60.13999889,0.538494497,0.320312963,0.38443633,0.025,0.466201542
129,0.539230769,0.323461538,0.382386057,0.025,0.467479542,70.00502092,41.64383378,49.97467264,3.25,60.60747843,0.538500161,0.320337183,0.384420559,0.025,0.466211373
130,0.539217557,0.323187023,0.38236591,0.025,0.467484164,70.54423847,41.9670208,50.35703855,3.275,61.07496259,0.538505637,0.320358937,0.384404874,0.025,0.466221088
131,0.538920455,0.323106061,0.382346069,0.025,0.467553191,71.08315893,42.29012687,50.73938462,3.3,61.54251578,0.53850878,0.320379749,0.384389277,0.025,0.46623118
132,0.538815789,0.322932331,0.381755478,0.025,0.467733163,71.62197472,42.6130592,51.1211401,3.325,62.01024895,0.538511088,0.320398941,0.384369474,0.025,0.466242473
133,0.538619403,0.323041045,0.381984915,0.025,0.467862814,72.16059412,42.93610024,51.50312501,3.35,62.47811176,0.538511896,0.320418659,0.384351679,0.025,0.466254565
134,0.538518519,0.323055556,0.38103069,0.025,0.467675335,72.69911264,43.2591558,51.8841557,3.375,62.9457871,0.538511945,0.320438191,0.384327079,0.025,0.46626509
135,0.538051471,0.323069853,0.380742024,0.025,0.467647059,73.23716411,43.58222565,52.26489773,3.4,63.41343416,0.53850856,0.320457542,0.384300719,0.025,0.466275251
136,0.538047445,0.322627737,0.381104343,0.025,0.467758969,73.77521155,43.90485339,52.64600207,3.425,63.88119312,0.538505194,0.320473382,0.384277387,0.025,0.466286081
137,0.537862319,0.322463768,0.381060109,0.025,0.467715079,74.31307387,44.22731716,53.02706218,3.45,64.3489082,0.538500535,0.320487805,0.384254074,0.025,0.466296436
138,0.53794964,0.322661871,0.380777462,0.025,0.467656513,74.85102351,44.54997903,53.40783964,3.475,64.81656472,0.538496572,0.320503446,0.384229062,0.025,0.466306221
139,0.538214286,0.322767857,0.380646908,0.025,0.467659574,75.3892378,44.87274688,53.78848655,3.5,65.28422429,0.538494556,0.320519621,0.384203475,0.025,0.466315888
140,0.538120567,0.32287234,0.380460976,0.025,0.467707862,75.92735837,45.19561922,54.16894752,3.525,65.75193215,0.538491903,0.320536307,0.384176933,0.025,0.46632576
141,0.537852113,0.32306338,0.380862659,0.025,0.467710518,76.46521048,45.5186826,54.54981018,3.55,66.21964267,0.538487398,0.320554103,0.384153593,0.025,0.466335512
142,0.537937063,0.322814685,0.381120413,0.025,0.467519714,77.00314754,45.84149729,54.9309306,3.575,66.68716238,0.538483549,0.320569911,0.384132382,0.025,0.466343793
143,0.538107639,0.32265625,0.38087759,0.025,0.467479314,77.54125518,46.16415354,55.31180819,3.6,67.1546417,0.538480939,0.3205844,0.384109779,0.025,0.466351678
144,0.538362069,0.323017241,0.380433301,0.025,0.467410125,78.07961725,46.48717078,55.69224149,3.625,67.62205182,0.538480119,0.320601178,0.384084424,0.025,0.466358978
145,0.538013699,0.323202055,0.3809488,0.025,0.46747304,78.61763095,46.81037283,56.07319029,3.65,68.08952486,0.538476924,0.320618992,0.384062947,0.025,0.466366609
146,0.538095238,0.32329932,0.381026734,0.025,0.467592995,79.15572619,47.13367215,56.45421702,3.675,68.55711786,0.538474328,0.320637226,0.384042293,0.025,0.466374951
147,0.538260135,0.32339527,0.381274672,0.025,0.467711328,79.69398632,47.45706742,56.83549169,3.7,69.02482919,0.538472881,0.320655861,0.384023593,0.025,0.466383981
148,0.538674497,0.323322148,0.381094509,0.025,0.467828074,80.23266082,47.78038957,57.2165862,3.725,69.49265726,0.538474234,0.320673756,0.384003934,0.025,0.466393673
149,0.538583333,0.323333333,0.380916748,0.025,0.467815603,80.77124415,48.10372291,57.59750295,3.75,69.96047286,0.538474961,0.320691486,0.383983353,0.025,0.466403152
150,0.53865894,0.323592715,0.380825171,0.025,0.467916021,81.30990309,48.42731562,57.97832812,3.775,70.42838888,0.538476179,0.320710699,0.383962438,0.025,0.466413171
151,0.539144737,0.323601974,0.381317743,0.025,0.467987122,81.84904783,48.75091759,58.35964586,3.8,70.89637601,0.538480578,0.320729721,0.383945039,0.025,0.466423526
152,0.538888889,0.323529412,0.380976542,0.025,0.4678487,82.38793672,49.07444701,58.74062241,3.825,71.36422471,0.538483247,0.32074802,0.383925637,0.025,0.466432841
153,0.539123377,0.32362013,0.381215146,0.025,0.467919315,82.9270601,49.39806714,59.12183755,3.85,71.83214402,0.538487403,0.32076667,0.383908036,0.025,0.466442494
154,0.539193548,0.323064516,0.381255693,0.025,0.467989019,83.46625364,49.72113165,59.50309324,3.875,72.30013304,0.538491959,0.320781495,0.383890924,0.025,0.466452471
155,0.539262821,0.323157051,0.381295721,0.025,0.468030551,84.00551646,50.0442887,59.88438896,3.9,72.76816359,0.5384969,0.320796722,0.383874288,0.025,0.466462587
156,0.539729299,0.32316879,0.381527732,0.025,0.468030898,84.54524576,50.36745749,60.2659167,3.925,73.23619449,0.53850475,0.320811831,0.383859342,0.025,0.466472576
157,0.539952532,0.322863924,0.381596576,0.025,0.467950444,85.0851983,50.69032142,60.64751327,3.95,73.70414493,0.538513913,0.320824819,0.383845021,0.025,0.46648193
158,0.539937107,0.32327044,0.38194817,0.025,0.467897765,85.6251354,51.01359186,61.02946144,3.975,74.1720427,0.538522864,0.3208402,0.383833091,0.025,0.466490835
159,0.53984375,0.323046875,0.381776184,0.025,0.467832447,86.16497915,51.33663873,61.41123763,4,74.63987515,0.53853112,0.320853992,0.383820235,0.025,0.46649922
160,0.539984472,0.322593168,0.382078069,0.025,0.467807586,86.70496362,51.6592319,61.7933157,4.025,75.10768273,0.538540147,0.320864794,0.383809414,0.025,0.466507346
161,0.540046296,0.322762346,0.382376228,0.025,0.4678487,87.24500992,51.98199425,62.17569192,4.05,75.57553143,0.538549444,0.320876508,0.383800567,0.025,0.466515626
162,0.539953988,0.322699387,0.382670728,0.025,0.467797938,87.78496391,52.30469363,62.55836265,4.075,76.04332937,0.538558061,0.320887691,0.383793636,0.025,0.466523493
163,0.539939024,0.322713415,0.382807268,0.025,0.467838609,88.32490293,52.62740705,62.94116992,4.1,76.51116798,0.538566481,0.320898823,0.383787621,0.025,0.466531512
164,0.539924242,0.322651515,0.383062981,0.025,0.467930368,88.86482717,52.95005856,63.3242329,4.125,76.97909835,0.53857471,0.320909446,0.38378323,0.025,0.46653999
165,0.539909639,0.323042169,0.38296675,0.025,0.467815945,89.40473681,53.27310073,63.70719965,4.15,77.44691429,0.538582752,0.320922294,0.383778311,0.025,0.466547676
166,0.54011976,0.323128743,0.382795874,0.025,0.467843037,89.94485657,53.59622948,64.08999552,4.175,77.91475733,0.538591956,0.320935506,0.383772428,0.025,0.466555433
167,0.540104167,0.3234375,0.382853071,0.025,0.467831814,90.48496074,53.91966698,64.4728486,4.2,78.38258914,0.538600957,0.320950399,0.383766956,0.025,0.466563031
168,0.539866864,0.323150888,0.38275979,0.025,0.46793403,91.0248276,54.24281786,64.85560839,4.225,78.85052317,0.538608447,0.320963419,0.383760996,0.025,0.466571143
169,0.539558824,0.323308824,0.382593147,0.025,0.467997497,91.56438643,54.56612669,65.23820153,4.25,79.31852067,0.538614038,0.320977216,0.383754127,0.025,0.466579533
170,0.539473684,0.322880117,0.382650526,0.025,0.467935797,92.10386011,54.8890068,65.62085206,4.275,79.78645647,0.538619065,0.320988344,0.383747673,0.025,0.466587465
171,0.53931686,0.322601744,0.382486456,0.025,0.467961405,92.64317697,55.21160855,66.00333851,4.3,80.25441787,0.538623122,0.320997724,0.38374034,0.025,0.466595453
172,0.53916185,0.32232659,0.382177944,0.025,0.467912926,93.18233882,55.53393514,66.38551646,4.325,80.7223308,0.538626236,0.321005405,0.383731309,0.025,0.466603068
173,0.539295977,0.322485632,0.382091224,0.025,0.467962827,93.7216348,55.85642077,66.76760768,4.35,81.19029362,0.538630085,0.321013912,0.383721883,0.025,0.466610883
174,0.539357143,0.322214286,0.381788496,0.025,0.467817629,94.26099194,56.17863506,67.14939618,4.375,81.65811125,0.53863424,0.321020772,0.383710835,0.025,0.466617779
175,0.539630682,0.322301136,0.38202309,0.025,0.467770793,94.80062262,56.50093619,67.53141927,4.4,82.12588205,0.538639901,0.321028047,0.383701246,0.025,0.46662433
176,0.539689266,0.321892655,0.382762058,0.025,0.467772569,95.34031189,56.82282885,67.91418133,4.425,82.59365462,0.53864583,0.321032931,0.38369594,0.025,0.466630817
177,0.539255618,0.321769663,0.382674005,0.025,0.467738465,95.87956751,57.14459851,68.29685533,4.45,83.06139308,0.538649256,0.32103707,0.383690198,0.025,0.46663704
178,0.53924581,0.321648045,0.382657652,0.025,0.467716629,96.41881332,57.46624656,68.67951298,4.475,83.52910971,0.538652588,0.321040484,0.38368443,0.025,0.466643071
179,0.539444444,0.321458333,0.382711804,0.025,0.467825059,96.95825776,57.78770489,69.06222479,4.5,83.99693477,0.538656988,0.321042805,0.383679027,0.025,0.466649638
180,0.539502762,0.321685083,0.382531076,0.025,0.467897026,97.49776052,58.10938997,69.44475586,4.525,84.46483179,0.53866166,0.321046353,0.383672684,0.025,0.466656529
181,0.539285714,0.321840659,0.382401644,0.025,0.467851298,98.03704624,58.43123063,69.82715751,4.55,84.93268309,0.538665089,0.321050718,0.383665701,0.025,0.466663094
182,0.539344262,0.322199454,0.382940502,0.025,0.467817696,98.5763905,58.75343008,70.21009801,4.575,85.40050079,0.538668801,0.321056995,0.383661738,0.025,0.466669403
183,0.539402174,0.322146739,0.383542297,0.025,0.467784459,99.11579267,59.07557682,70.59364031,4.6,85.86828525,0.538672786,0.321062918,0.383661089,0.025,0.466675463
184,0.539527027,0.322297297,0.383428555,0.025,0.467855089,99.6553197,59.39787412,70.97706886,4.625,86.33614034,0.538677404,0.32106959,0.383659832,0.025,0.46668184
185,0.539717742,0.322446237,0.383181627,0.025,0.46781057,100.1950374,59.72032036,71.36025049,4.65,86.80395091,0.538682997,0.321076991,0.383657261,0.025,0.466687908
186,0.539304813,0.322326203,0.38346353,0.025,0.467903061,100.7343423,60.04264656,71.74371402,4.675,87.27185397,0.538686322,0.321083671,0.383656225,0.025,0.466694406
187,0.539361702,0.322207447,0.383418511,0.025,0.467870077,101.273704,60.36485401,72.12713253,4.7,87.73972404,0.538689915,0.321089649,0.38365496,0.025,0.46670066
188,0.539219577,0.32228836,0.383440107,0.025,0.46780367,101.8129235,60.68714237,72.51057264,4.725,88.20752771,0.538692717,0.321095991,0.383653823,0.025,0.466706496
189,0.539144737,0.322631579,0.38375378,0.025,0.467838746,102.3520683,61.00977395,72.89432642,4.75,88.67536646,0.538695096,0.321104073,0.38365435,0.025,0.466712455
190,0.539267016,0.322971204,0.383865348,0.025,0.467817756,102.8913353,61.33274515,73.27819176,4.775,89.14318422,0.538698091,0.321113849,0.383655454,0.025,0.466718242
191,0.539388021,0.323177083,0.38375407,0.025,0.467841312,103.4307233,61.65592223,73.66194583,4.8,89.61102553,0.538701684,0.321124595,0.383655968,0.025,0.466724091
192,0.539443005,0.32357513,0.383405374,0.025,0.46790872,103.9701663,61.97949736,74.04535121,4.825,90.07893425,0.538705525,0.321137292,0.383654669,0.025,0.466730229
193,0.539561856,0.323775773,0.38364751,0.025,0.467876727,104.5097282,62.30327314,74.42899872,4.85,90.54681098,0.538709939,0.321150892,0.383654633,0.025,0.466736139
194,0.539551282,0.323846154,0.383627506,0.025,0.467965085,105.0492795,62.62711929,74.81262622,4.875,91.01477606,0.538714254,0.321164714,0.383654493,0.025,0.466742441
195,0.539859694,0.323852041,0.383736872,0.025,0.468030829,105.5891391,62.95097133,75.1963631,4.9,91.48280689,0.538720098,0.321178425,0.383654914,0.025,0.466749015
196,0.539593909,0.323540609,0.383692523,0.025,0.467923102,106.1287331,63.27451194,75.58005562,4.925,91.95072999,0.538724533,0.321190416,0.383655105,0.025,0.466754975
197,0.539520202,0.32354798,0.383672595,0.025,0.467934666,106.6682533,63.59805992,75.96372821,4.95,92.41866466,0.538728552,0.321202323,0.383655193,0.025,0.466760933
198,0.539572864,0.323743719,0.383503386,0.025,0.467903347,107.2078261,63.92180364,76.3472316,4.975,92.886568,0.538732795,0.321215094,0.38365443,0.025,0.466766673
199,0.5395625,0.32375,0.383231439,0.025,0.46787234,107.7473886,64.24555364,76.73046304,5,93.35444034,0.538736943,0.321227768,0.383652315,0.025,0.466772202
200,0.539427861,0.323818408,0.38308815,0.025,0.467788716,108.2868165,64.56937205,77.11355119,5.025,93.82222906,0.538740381,0.321240657,0.383649508,0.025,0.466777259
201,0.539356436,0.323638614,0.383008944,0.025,0.46777965,108.8261729,64.89301066,77.49656013,5.05,94.29000871,0.53874343,0.321252528,0.383646337,0.025,0.466782221
202,0.539408867,0.323768473,0.383179942,0.025,0.46772875,109.3655818,65.21677913,77.87974007,5.075,94.75773746,0.538746708,0.321264922,0.38364404,0.025,0.466786884
203,0.539644608,0.323958333,0.382852862,0.025,0.467720067,109.9052264,65.54073747,78.26259294,5.1,95.22545753,0.53875111,0.321278125,0.383640161,0.025,0.466791458
204,0.539573171,0.323902439,0.383119434,0.025,0.467763363,110.4447996,65.86463991,78.64571237,5.125,95.69322089,0.53875512,0.321290926,0.383637621,0.025,0.466796199
205,0.539684466,0.323968447,0.383348853,0.025,0.467733939,110.984484,66.18860835,79.02906122,5.15,96.16095483,0.538759631,0.321303924,0.38363622,0.025,0.466800752
206,0.539492754,0.323913043,0.383025697,0.025,0.4677048,111.5239768,66.5125214,79.41208692,5.175,96.62865963,0.538763173,0.321316528,0.38363327,0.025,0.466805119
207,0.539603365,0.324098558,0.383070791,0.025,0.467768003,112.0635801,66.83661995,79.79515771,5.2,97.09642763,0.538767212,0.321329904,0.383630566,0.025,0.466809748
208,0.539712919,0.324162679,0.383236584,0.025,0.46773898,112.6032931,67.16078263,80.1783943,5.225,97.56416661,0.538771737,0.321343458,0.383628681,0.025,0.466814194
209,0.539761905,0.324107143,0.383375933,0.025,0.467710233,113.143055,67.48488978,80.56177023,5.25,98.03187685,0.538776452,0.321356618,0.383627477,0.025,0.466818461
210,0.539751185,0.323992891,0.3835987,0.025,0.467722093,113.6828062,67.80888267,80.94536893,5.275,98.49959894,0.538781072,0.321369112,0.383627341,0.025,0.466822744
211,0.539858491,0.323938679,0.383580531,0.025,0.467633481,114.2226646,68.13282135,81.32894946,5.3,98.96723242,0.538786154,0.321381233,0.38362712,0.025,0.466826568
212,0.539671362,0.323826291,0.383540247,0.025,0.467615623,114.762336,68.45664764,81.71248971,5.325,99.43484804,0.53879031,0.321392712,0.383626712,0.025,0.466830272
213,0.539661215,0.323831776,0.383441928,0.025,0.467568105,115.3019972,68.78047941,82.09593163,5.35,99.90241615,0.53879438,0.321404109,0.383625849,0.025,0.46683372
214,0.539593023,0.32372093,0.38330699,0.025,0.46761999,115.8415902,69.10420034,82.47923862,5.375,100.3700361,0.538798094,0.321414885,0.383624366,0.025,0.466837377
215,0.539467593,0.324016204,0.383731495,0.025,0.467592593,116.3810578,69.42821655,82.86297012,5.4,100.8376287,0.538801194,0.321426928,0.383624862,0.025,0.466840874
216,0.539458525,0.324078341,0.383771465,0.025,0.467653692,116.9205164,69.75229489,83.24674158,5.425,101.3052824,0.538804223,0.321439147,0.383625537,0.025,0.466844619
217,0.539392202,0.324139908,0.383811069,0.025,0.467538552,117.4599086,70.0764348,83.63055265,5.45,101.772821,0.53880692,0.321451536,0.383626388,0.025,0.466847803
218,0.539440639,0.324143836,0.383770836,0.025,0.467531332,117.9993492,70.40057863,84.01432349,5.475,102.2403523,0.538809814,0.321463829,0.383627048,0.025,0.466850924
219,0.539318182,0.324147727,0.383730968,0.025,0.467495164,118.5386674,70.72472636,84.39805446,5.5,102.7078475,0.538812125,0.321476029,0.38362752,0.025,0.466853852
220,0.53908371,0.3239819,0.383884772,0.025,0.467507461,119.0777511,71.04870826,84.78193923,5.525,103.1753549,0.538813353,0.321487368,0.383628684,0.025,0.46685681
221,0.539132883,0.323873874,0.383901057,0.025,0.467529231,119.616884,71.37258213,85.16584029,5.55,103.6428842,0.538814793,0.321498118,0.383629911,0.025,0.466859839
222,0.539181614,0.324103139,0.383731787,0.025,0.467455395,120.1560656,71.69668527,85.54957207,5.575,104.1103396,0.538816438,0.321509799,0.383630368,0.025,0.466862509
223,0.539118304,0.323995536,0.383581198,0.025,0.467458207,120.6951839,72.02068081,85.93315327,5.6,104.5777978,0.538817785,0.321520896,0.383630149,0.025,0.466865169
224,0.539333333,0.324055556,0.383620415,0.025,0.46744208,121.2345172,72.34473636,86.31677369,5.625,105.0452398,0.538820077,0.321532162,0.383630105,0.025,0.466867733
225,0.53960177,0.324391593,0.383491256,0.025,0.467416682,121.774119,72.66912796,86.70026494,5.65,105.5126565,0.538823535,0.321544814,0.383629491,0.025,0.466870162
226,0.539592511,0.324174009,0.383363235,0.025,0.467466492,122.3137115,72.99330197,87.08362818,5.675,105.980123,0.538826923,0.321556396,0.383628318,0.025,0.466872789
227,0.539528509,0.324451754,0.383402892,0.025,0.467525196,122.85324,73.31775372,87.46703107,5.7,106.4476482,0.53883,0.321569095,0.383627329,0.025,0.46687565
228,0.539465066,0.324508734,0.383497479,0.025,0.467490477,123.3927051,73.64226245,87.85052855,5.725,106.9151387,0.538832773,0.321581932,0.383626762,0.025,0.466878335
229,0.539184783,0.324782609,0.383569229,0.025,0.46746531,123.9318899,73.96704506,88.23409778,5.75,107.382604,0.538834304,0.321595848,0.383626512,0.025,0.466880887
230,0.539231602,0.324837662,0.383497884,0.025,0.467495625,124.4711215,74.29188273,88.61759566,5.775,107.8500996,0.538836024,0.321609882,0.383625955,0.025,0.466883548
231,0.539439655,0.324946121,0.383569014,0.025,0.467424798,125.0105611,74.61682885,89.00116467,5.8,108.3175244,0.538838626,0.321624262,0.38362571,0.025,0.466885881
232,0.539538627,0.325,0.383335301,0.025,0.467500685,125.5500998,74.94182885,89.38449997,5.825,108.7850251,0.53884163,0.32163875,0.383624463,0.025,0.46688852
233,0.539583333,0.325160256,0.383644536,0.025,0.467503182,126.0896831,75.2669891,89.76814451,5.85,109.2525283,0.5388448,0.3216538,0.383624549,0.025,0.466891147
234,0.539734043,0.325106383,0.383767325,0.025,0.467569036,126.6294171,75.59209549,90.15191183,5.875,109.7200973,0.538848584,0.321668491,0.383625157,0.025,0.466894031
235,0.539565678,0.325211864,0.383857562,0.025,0.467652362,127.1689828,75.91730735,90.5357694,5.9,110.1877497,0.538851622,0.321683506,0.383626142,0.025,0.466897244
236,0.539451477,0.324947257,0.384267499,0.025,0.467672143,127.7084343,76.24225461,90.9200369,5.925,110.6554218,0.538854153,0.321697277,0.383628848,0.025,0.466900514
237,0.539548319,0.325105042,0.384333602,0.025,0.467691758,128.2479826,76.56735965,91.3043705,5.95,111.1231136,0.53885707,0.321711595,0.383631809,0.025,0.466903839
238,0.539539749,0.325,0.384399152,0.025,0.467657794,128.7875224,76.89235965,91.68876965,5.975,111.5907714,0.538859926,0.321725354,0.383635019,0.025,0.466906993
239,0.539635417,0.325104167,0.384307905,0.025,0.467606383,129.3271578,77.21746382,92.07307755,6,112.0583778,0.538863157,0.321739433,0.383637823,0.025,0.466909907
240,0.539678423,0.325103734,0.384131408,0.025,0.467573056,129.8668362,77.54256755,92.45720896,6.025,112.5259508,0.53886654,0.321753392,0.383639871,0.025,0.466912659
241,0.539514463,0.325051653,0.384060984,0.025,0.467592755,130.4063507,77.8676192,92.84126995,6.05,112.9935436,0.538869218,0.321767021,0.383641611,0.025,0.466915469
242,0.539454733,0.32494856,0.384023696,0.025,0.467629805,130.9458054,78.19256776,93.22529364,6.075,113.4611734,0.538871627,0.321780114,0.383643184,0.025,0.466918409
243,0.539497951,0.324590164,0.38429409,0.025,0.467561911,131.4853033,78.51715793,93.60958773,6.1,113.9287353,0.538874194,0.321791631,0.383645851,0.025,0.466921046
244,0.539591837,0.324693878,0.384205135,0.025,0.467572731,132.0248952,78.8418518,93.99379287,6.125,114.396308,0.538877123,0.321803477,0.383648134,0.025,0.466923706
245,0.539735772,0.324949187,0.384495749,0.025,0.46752292,132.564631,79.16680099,94.37828862,6.15,114.8638309,0.538880614,0.321816264,0.38365158,0.025,0.466926142
246,0.539878543,0.324949393,0.384710341,0.025,0.467456284,133.1045095,79.49175038,94.76299896,6.175,115.3312872,0.538884654,0.321828949,0.383655866,0.025,0.466928288
247,0.540020161,0.32484879,0.384690327,0.025,0.467415923,133.6445297,79.81659917,95.14768928,6.2,115.7987032,0.538889232,0.321841126,0.383660037,0.025,0.466930255
248,0.539809237,0.325351406,0.384975491,0.025,0.4674357,134.1843389,80.14195058,95.53266478,6.225,116.2661389,0.538892927,0.321855223,0.38366532,0.025,0.466932285
249,0.5398,0.3254,0.384802678,0.025,0.467395745,134.7241389,80.46735058,95.91746745,6.25,116.7335346,0.538896556,0.321869402,0.38366987,0.025,0.466934138
250,0.539890438,0.325697211,0.385034691,0.025,0.467449352,135.2640293,80.79304779,96.30250214,6.275,117.2009839,0.538900515,0.321884653,0.383675307,0.025,0.466936191
251,0.540029762,0.325793651,0.385044474,0.025,0.467451874,135.8040591,81.11884144,96.68754662,6.3,117.6684358,0.538904996,0.321900164,0.383680741,0.025,0.466938237
252,0.540019763,0.325741107,0.384955365,0.025,0.467488016,136.3440789,81.44458255,97.07250198,6.325,118.1359238,0.538909403,0.321915346,0.383685779,0.025,0.46694041
253,0.540206693,0.325442913,0.385134201,0.025,0.46750712,136.8842855,81.77002546,97.45763618,6.35,118.603431,0.53891451,0.321929234,0.383691481,0.025,0.466942642
254,0.540098039,0.325490196,0.384981337,0.025,0.467476012,137.4243836,82.09551566,97.84261752,6.375,119.070907,0.538919151,0.321943199,0.383696539,0.025,0.466944733
255,0.539941406,0.325537109,0.384942348,0.025,0.467578125,137.964325,82.42105277,98.22755987,6.4,119.5384851,0.538923145,0.321957237,0.383701406,0.025,0.466947207
256,0.539931907,0.325437743,0.385217654,0.025,0.467588377,138.5042569,82.74649051,98.61277752,6.425,120.0060735,0.53892707,0.32197078,0.383707306,0.025,0.466949702
257,0.539874031,0.325436047,0.385098324,0.025,0.467557315,139.0441309,83.07192656,98.99787585,6.45,120.4736308,0.53893074,0.321984211,0.383712697,0.025,0.466952057
258,0.539816602,0.325289575,0.384833294,0.025,0.467534708,139.5839475,83.39721613,99.38270914,6.475,120.9411655,0.53893416,0.321996973,0.383717024,0.025,0.466954307
259,0.539855769,0.325576923,0.384507013,0.025,0.467520458,140.1238033,83.72279306,99.76721615,6.5,121.408686,0.538937705,0.322010743,0.383720062,0.025,0.466956484
260,0.539990421,0.325478927,0.38468277,0.025,0.467563381,140.6637937,84.04827198,100.1518989,6.525,121.8762493,0.538941738,0.322024031,0.383723751,0.025,0.46695881
261,0.540028626,0.325763359,0.384598103,0.025,0.467605977,141.2038224,84.37403534,100.536497,6.55,122.3438553,0.538945887,0.322038303,0.383727088,0.025,0.46696128
262,0.540256654,0.325807985,0.384435267,0.025,0.467543079,141.744079,84.69984333,100.9209323,6.575,122.8113984,0.538950871,0.322052636,0.383729781,0.025,0.466963492
263,0.540435606,0.325568182,0.384321612,0.025,0.467553191,142.2845146,85.02541151,101.3052539,6.6,123.2789516,0.538956495,0.322065953,0.383732022,0.025,0.466965726
264,0.540283019,0.325518868,0.384399882,0.025,0.467523083,142.8247976,85.35093038,101.6896538,6.625,123.7464747,0.5389615,0.322078983,0.383734543,0.025,0.466967829
265,0.540366541,0.325422932,0.384287215,0.025,0.467509199,143.3651642,85.67635331,102.073941,6.65,124.2139839,0.538966783,0.322091554,0.38373662,0.025,0.466969864
266,0.540355805,0.325374532,0.384392881,0.025,0.467519324,143.90552,86.00172784,102.4583339,6.675,124.6815032,0.538971985,0.32210385,0.383739078,0.025,0.466971922
267,0.540345149,0.325279851,0.384684325,0.025,0.467473801,144.4458651,86.32700769,102.8430182,6.7,125.148977,0.538977109,0.3221157,0.383742605,0.025,0.466973795
268,0.540288104,0.324953532,0.38466597,0.025,0.467491893,144.9861532,86.65196122,103.2276842,6.725,125.6164689,0.538981982,0.32212625,0.383746038,0.025,0.466975721
269,0.540324074,0.324861111,0.384998167,0.025,0.467525611,145.5264773,86.97682233,103.6126823,6.75,126.0839945,0.538986953,0.322136379,0.383750675,0.025,0.466977757
270,0.540313653,0.324907749,0.384838661,0.025,0.467566931,146.066791,87.30173008,103.997521,6.775,126.5515614,0.538991849,0.322146605,0.38375469,0.025,0.466979931
271,0.540303309,0.324724265,0.384866479,0.025,0.467592303,146.6070943,87.62645435,104.3823875,6.8,127.0191537,0.53899667,0.322156082,0.383758778,0.025,0.466982183
272,0.540384615,0.32481685,0.384986827,0.025,0.467594108,147.1474789,87.9512712,104.7673743,6.825,127.4867478,0.539001754,0.322165829,0.383763276,0.025,0.466984424
273,0.540419708,0.325273723,0.38504162,0.025,0.467541544,147.6878986,88.27654492,105.1524159,6.85,127.9542894,0.539006929,0.322177171,0.383767941,0.025,0.466986458
274,0.540318182,0.325318182,0.385232377,0.025,0.467520309,148.2282168,88.6018631,105.5376483,6.875,128.4218097,0.539011697,0.322188593,0.383773267,0.025,0.466988399
275,0.540262681,0.325271739,0.385350092,0.025,0.467599445,148.7684795,88.92713484,105.9229984,6.9,128.8894091,0.53901623,0.322199764,0.38377898,0.025,0.466990613
276,0.540117329,0.325315884,0.385312727,0.025,0.467624241,149.3085968,89.25245073,106.3083111,6.925,129.3570334,0.539020205,0.322211013,0.383784517,0.025,0.4669929
277,0.540017986,0.325089928,0.385217984,0.025,0.467557018,149.8486148,89.57754065,106.6935291,6.95,129.8245904,0.539023794,0.322221369,0.383789673,0.025,0.466994929
278,0.540232975,0.325089606,0.385136558,0.025,0.467597041,150.3888477,89.90263026,107.0786657,6.975,130.2921874,0.539028128,0.32223165,0.383794501,0.025,0.466997088
279,0.540089286,0.324910714,0.385455209,0.025,0.467644377,150.928937,90.22754097,107.4641209,7,130.7598318,0.539031918,0.322241218,0.383800432,0.025,0.466999399
280,0.539991103,0.324911032,0.385299754,0.025,0.467676232,151.4689281,90.55245201,107.8494206,7.025,131.227508,0.539035331,0.322250719,0.383805767,0.025,0.467001808
281,0.540115248,0.324955674,0.385280062,0.025,0.467624868,152.0090434,90.87740768,108.2347007,7.05,131.6951329,0.539039161,0.322260311,0.383810995,0.025,0.467004017
282,0.540106007,0.324867491,0.385171053,0.025,0.467664085,152.5491494,91.20227517,108.6198718,7.075,132.162797,0.539042931,0.322269524,0.383815801,0.025,0.46700635
283,0.540184859,0.324823944,0.385399324,0.025,0.467635601,153.0893342,91.52709912,109.0052711,7.1,132.6304326,0.539046952,0.322278518,0.383821377,0.025,0.467008565
284,0.540131579,0.324824561,0.385423905,0.025,0.467629713,153.6294658,91.85192368,109.390695,7.125,133.0980623,0.539050757,0.322287451,0.383827,0.025,0.467010745
285,0.540166084,0.324868881,0.385387458,0.025,0.467661062,154.1696319,92.17679256,109.7760824,7.15,133.5657234,0.539054657,0.322296477,0.383832456,0.025,0.467013019
286,0.539939024,0.324825784,0.385394819,0.025,0.467566165,154.7095709,92.50161834,110.1614773,7.175,134.0332895,0.539057738,0.32230529,0.3838379,0.025,0.467014946
287,0.540060764,0.324913194,0.385402129,0.025,0.467538416,155.2496317,92.82653154,110.5468794,7.2,134.500828,0.539061221,0.322314346,0.383843331,0.025,0.467016764
288,0.540181661,0.324870242,0.38538256,0.025,0.467562394,155.7898134,93.15140178,110.9322619,7.225,134.9683903,0.539065098,0.32232319,0.383848657,0.025,0.467018652
289,0.54012931,0.324913793,0.385581372,0.025,0.467542186,156.3299427,93.47631557,111.3178433,7.25,135.4359325,0.539068768,0.322332123,0.383854632,0.025,0.467020457
290,0.539862543,0.325042955,0.385416144,0.025,0.46744169,156.8698052,93.80135853,111.7032595,7.275,135.9033742,0.539071496,0.322341438,0.383859998,0.025,0.467021905
291,0.540068493,0.325128425,0.385764648,0.025,0.46745118,157.4098737,94.12648695,112.0890241,7.3,136.3708254,0.53907491,0.322350983,0.383866521,0.025,0.467023375
292,0.540017065,0.325170648,0.385571301,0.025,0.467467867,157.9498908,94.4516576,112.4745954,7.325,136.8382933,0.539078125,0.322360606,0.383872339,0.025,0.467024892
293,0.539965986,0.325382653,0.385662895,0.025,0.467520625,158.4898568,94.77704025,112.8602583,7.35,137.3058139,0.539081145,0.322370885,0.38387843,0.025,0.467026578
294,0.539872881,0.325466102,0.385428295,0.025,0.467500902,159.0297296,95.10250635,113.2456866,7.375,137.7733148,0.539083829,0.322381377,0.383883683,0.025,0.467028186
295,0.539907095,0.325464527,0.385323572,0.025,0.467553191,159.5696367,95.42797088,113.6310102,7.4,138.240868,0.539086611,0.322391794,0.383888548,0.025,0.467029959
296,0.53989899,0.325252525,0.385580188,0.025,0.467511999,160.1095357,95.75322341,114.0165904,7.425,138.70838,0.539089346,0.322401426,0.383894244,0.025,0.467031582
297,0.539848993,0.325125839,0.385712469,0.025,0.467499643,160.6493847,96.07834924,114.4023028,7.45,139.1758796,0.539091895,0.322410568,0.383900345,0.025,0.467033153
298,0.540050167,0.325167224,0.385650182,0.025,0.467522949,161.1894349,96.40351647,114.787953,7.475,139.6434026,0.5390951,0.322419788,0.383906197,0.025,0.467034791
299,0.540083333,0.325333333,0.385732203,0.025,0.467496454,161.7295182,96.7288498,115.1736852,7.5,140.110899,0.539098394,0.322429499,0.383912284,0.025,0.46703633
300,0.540157807,0.325207641,0.385696548,0.025,0.467455998,162.269676,97.05405744,115.5593818,7.525,140.578355,0.539101914,0.322438729,0.383918212,0.025,0.467037724
301,0.54031457,0.324917219,0.385467273,0.025,0.4674299,162.8099906,97.37897466,115.944849,7.55,141.0457849,0.539105929,0.322446936,0.383923341,0.025,0.467039023
302,0.540387789,0.325,0.385406618,0.025,0.46742504,163.3503784,97.70397466,116.3302557,7.575,141.51321,0.53911016,0.322455362,0.383928236,0.025,0.467040297
303,0.540542763,0.325,0.385429639,0.025,0.467413214,163.8909211,98.02897466,116.7156853,7.6,141.9806232,0.539114872,0.322463732,0.383933175,0.025,0.467041524
304,0.540778689,0.324877049,0.385328002,0.025,0.467471224,164.4316998,98.35385171,117.1010133,7.625,142.4480944,0.539120327,0.322471645,0.383937749,0.025,0.467042932
305,0.540890523,0.324836601,0.385090002,0.025,0.467452371,164.9725904,98.67868831,117.4861033,7.65,142.9155468,0.539126112,0.322479374,0.383941514,0.025,0.467044271
306,0.541001629,0.324837134,0.384783973,0.025,0.467475224,165.513592,99.00352545,117.8708873,7.675,143.383022,0.539132221,0.322487054,0.383944258,0.025,0.467045674
307,0.540949675,0.324797078,0.384808717,0.025,0.467532468,166.0545417,99.32832252,118.255696,7.7,143.8505545,0.539138122,0.322494554,0.383947065,0.025,0.467047255
308,0.540938511,0.324919094,0.38475137,0.025,0.467472285,166.5954802,99.65324162,118.6404474,7.725,144.3180268,0.539143949,0.3225024,0.383949668,0.025,0.46704863
309,0.540766129,0.324879032,0.38477606,0.025,0.467439945,167.1362463,99.97812065,119.0252234,7.75,144.7854667,0.539149182,0.322510067,0.383952334,0.025,0.467049893
310,0.540675241,0.324879421,0.384719187,0.025,0.467400971,167.6769215,100.3030001,119.4099426,7.775,145.2528677,0.539154089,0.322517685,0.383954799,0.025,0.467051021
311,0.540625,0.325,0.384865535,0.025,0.467444081,168.2175465,100.6280001,119.7948081,7.8,145.7203118,0.539158803,0.322525641,0.383957718,0.025,0.467052281
312,0.540535144,0.324920128,0.38479408,0.025,0.467459724,168.7580817,100.9529202,120.1796022,7.825,146.1877715,0.5391632,0.322533291,0.38396039,0.025,0.467053583
313,0.540684713,0.324960191,0.384737693,0.025,0.467515924,169.2987664,101.2778804,120.5643399,7.85,146.6552874,0.539168046,0.32254102,0.383962866,0.025,0.467055055
314,0.540515873,0.324920635,0.384601294,0.025,0.467537994,169.8392823,101.602801,120.9489412,7.875,147.1228254,0.539172325,0.322548575,0.383964893,0.025,0.467056589
315,0.540387658,0.324920886,0.384610467,0.025,0.467539725,170.3796699,101.9277219,121.3335517,7.9,147.5903651,0.539176171,0.322556082,0.383966936,0.025,0.467058117
316,0.540457413,0.324960568,0.384501286,0.025,0.467534734,170.9201273,102.2526825,121.718053,7.925,148.0578999,0.539180212,0.322563667,0.383968621,0.025,0.467059621
317,0.540290881,0.325039308,0.384486335,0.025,0.467529774,171.4604182,102.5777218,122.1025393,7.95,148.5254296,0.539183705,0.322571452,0.383970249,0.025,0.467061099
318,0.540282132,0.32507837,0.384652522,0.025,0.467551524,172.0007004,102.9028002,122.4871918,7.975,148.9929812,0.539187148,0.322579311,0.383972388,0.025,0.467062637
319,0.540390625,0.325234375,0.384518521,0.025,0.467593085,172.541091,103.2280345,122.8717103,8,149.4605742,0.539190909,0.322587608,0.383974095,0.025,0.467064294
320,0.540342679,0.325077882,0.384527809,0.025,0.467614503,173.0814337,103.5531124,123.2562381,8.025,149.9281887,0.539194497,0.322595366,0.38397582,0.025,0.467066009
321,0.540411491,0.32496118,0.384653499,0.025,0.467589534,173.6218451,103.8780736,123.6408916,8.05,150.3957783,0.539198277,0.322602713,0.383977924,0.025,0.467067634
322,0.540363777,0.324922601,0.38444236,0.025,0.467571306,174.1622089,104.2029962,124.025334,8.075,150.8633496,0.539201885,0.322609895,0.383979362,0.025,0.467069194
323,0.540316358,0.324768519,0.384388799,0.025,0.467599159,174.7025253,104.5277647,124.4097228,8.1,151.3309487,0.539205325,0.322616558,0.383980626,0.025,0.467070829
324,0.540384615,0.324923077,0.384475295,0.025,0.467626841,175.2429099,104.8526878,124.7941981,8.125,151.7985756,0.539208954,0.322623655,0.383982148,0.025,0.46707254
325,0.540337423,0.324884969,0.384538449,0.025,0.467654353,175.7832473,105.1775728,125.1787365,8.15,152.2662299,0.539212415,0.322630591,0.383983854,0.025,0.467074325
326,0.540519878,0.324923547,0.384509279,0.025,0.467655671,176.3237672,105.5024963,125.5632458,8.175,152.7338856,0.539216413,0.322637603,0.383985461,0.025,0.467076103
327,0.54070122,0.324733232,0.384556507,0.025,0.467669953,176.8644684,105.8272295,125.9478023,8.2,153.2015556,0.53922094,0.322643992,0.383987202,0.025,0.467077913
328,0.540843465,0.324886018,0.384489466,0.025,0.467664748,177.4053119,106.1521156,126.3322918,8.225,153.6692203,0.539225872,0.322650807,0.383988729,0.025,0.467079697
329,0.540757576,0.324810606,0.384422831,0.025,0.46764668,177.9460695,106.4769262,126.7167146,8.25,154.136867,0.539230514,0.322657352,0.383990044,0.025,0.467081415
330,0.540747734,0.324697885,0.384583185,0.025,0.467686572,178.4868172,106.801624,127.1012978,8.275,154.6045536,0.539235097,0.322663517,0.383991836,0.025,0.467083243
331,0.540737952,0.324661145,0.384454236,0.025,0.467662138,179.0275551,107.1262852,127.4857521,8.3,155.0722157,0.539239624,0.322669534,0.383993229,0.025,0.467084987
332,0.540803303,0.324587087,0.384516125,0.025,0.467650629,179.5683584,107.4508723,127.8702682,8.325,155.5398663,0.53924432,0.322675292,0.383994799,0.025,0.467086686
333,0.540718563,0.324775449,0.384615543,0.025,0.467569117,180.109077,107.7756477,128.2548837,8.35,156.0074354,0.539248734,0.32268158,0.383996658,0.025,0.46708813
334,0.540671642,0.324850746,0.384512213,0.025,0.467589711,180.6497487,108.1004985,128.6393959,8.375,156.4750252,0.539252981,0.322688055,0.383998197,0.025,0.467089627
335,0.540699405,0.324739583,0.384648723,0.025,0.467591185,181.1904481,108.4252381,129.0240447,8.4,156.9426163,0.539257286,0.322694161,0.384000133,0.025,0.46709112
336,0.540652819,0.324777448,0.384671739,0.025,0.467636846,181.7311009,108.7500155,129.4087164,8.425,157.4102532,0.539261427,0.322700343,0.384002126,0.025,0.467092739
337,0.540606509,0.324852071,0.384643124,0.025,0.467669646,182.2717074,109.0748676,129.7933595,8.45,157.8779228,0.539265406,0.322706709,0.384004022,0.025,0.467094446
338,0.540523599,0.324963127,0.3849274,0.025,0.467633214,182.812231,109.3998307,130.1782869,8.475,158.345556,0.539269118,0.322713365,0.384006746,0.025,0.467096036
339,0.540698529,0.325110294,0.385023854,0.025,0.467596996,183.3529295,109.724941,130.5633108,8.5,158.813153,0.539273322,0.322720415,0.384009738,0.025,0.467097509
340,0.540579179,0.325146628,0.385119741,0.025,0.467604667,183.8935087,110.0500876,130.9484305,8.525,159.2807577,0.539277152,0.32272753,0.384012993,0.025,0.467098996
341,0.540606725,0.32503655,0.384955981,0.025,0.467525196,184.4341154,110.3751242,131.3333865,8.55,159.7482829,0.539281039,0.322734281,0.38401575,0.025,0.467100242
342,0.540634111,0.324854227,0.38490389,0.025,0.467483407,184.9747495,110.6999784,131.7182904,8.575,160.2157663,0.539284984,0.322740462,0.384018339,0.025,0.46710136
343,0.540443314,0.324818314,0.384802425,0.025,0.467466601,185.5151928,111.0247967,132.1030928,8.6,160.6832329,0.539288351,0.322746502,0.384020619,0.025,0.467102421
344,0.540615942,0.324673913,0.384665317,0.025,0.467486895,186.0558088,111.3494706,132.4877581,8.625,161.1507198,0.539292199,0.322752089,0.384022487,0.025,0.467103536
345,0.540643064,0.324819364,0.384637382,0.025,0.467494773,186.5964518,111.67429,132.8723955,8.65,161.6182146,0.539296104,0.322758064,0.384024264,0.025,0.467104666
346,0.540634006,0.324855908,0.384842163,0.025,0.467539395,187.1370859,111.9991459,133.2572377,8.675,162.085754,0.539299959,0.322764109,0.384026622,0.025,0.467105919
347,0.540768678,0.324892241,0.384754772,0.025,0.467571533,187.6778545,112.3240381,133.6419924,8.7,162.5533255,0.53930418,0.322770225,0.384028714,0.025,0.467107257
348,0.540902579,0.32467765,0.384762638,0.025,0.467603487,188.2187571,112.6487158,134.0267551,8.725,163.020929,0.53930876,0.32277569,0.384030817,0.025,0.467108679
349,0.541107143,0.324714286,0.384892973,0.025,0.467568389,188.7598643,112.9734301,134.4116481,8.75,163.4884974,0.539313898,0.322781229,0.38403328,0.025,0.467109993
350,0.541025641,0.324786325,0.384864788,0.025,0.467612293,189.3008899,113.2982164,134.7965128,8.775,163.9561097,0.539318775,0.322786941,0.384035649,0.025,0.467111424
351,0.540980114,0.324822443,0.384634483,0.025,0.467619681,189.84187,113.6230388,135.1811473,8.8,164.4237294,0.539323494,0.322792724,0.38403735,0.025,0.467112867
352,0.540970255,0.324787535,0.38451306,0.025,0.467645109,190.3828403,113.9478264,135.5656604,8.825,164.8913745,0.539328159,0.322798375,0.384038698,0.025,0.467114375
353,0.540995763,0.324576271,0.384606869,0.025,0.467700445,190.923836,114.2724027,135.9502673,8.85,165.3590749,0.53933287,0.322803397,0.384040303,0.025,0.467116031
354,0.541161972,0.32443662,0.384606893,0.025,0.467743482,191.464998,114.5968393,136.3348741,8.875,165.8268184,0.539338023,0.322807998,0.384041899,0.025,0.467117798
355,0.541151685,0.324473315,0.384699912,0.025,0.467768348,192.0061497,114.9213126,136.7195741,8.9,166.2945867,0.539343117,0.322812676,0.384043747,0.025,0.467119626
356,0.541001401,0.324404762,0.384756952,0.025,0.467804994,192.5471511,115.2457173,137.104331,8.925,166.7623917,0.539347762,0.322817135,0.384045745,0.025,0.467121545
357,0.541096369,0.324196927,0.384849032,0.025,0.467782004,193.0882475,115.5699143,137.48918,8.95,167.2301737,0.539352647,0.32282099,0.384047989,0.025,0.46712339
358,0.541051532,0.324233983,0.384751959,0.025,0.467830261,193.629299,115.8941483,137.873932,8.975,167.698004,0.539357379,0.322824926,0.38404995,0.025,0.467125359
359,0.541111111,0.324201389,0.384702895,0.025,0.46786052,194.1704101,116.2183496,138.2586349,9,168.1658645,0.53936225,0.322828749,0.384051764,0.025,0.467127401
360,0.541239612,0.324342105,0.384583973,0.025,0.467837567,194.7116497,116.5426918,138.6432189,9.025,168.6337021,0.539367451,0.322832941,0.384053238,0.025,0.467129369
361,0.541125691,0.324412983,0.384488437,0.025,0.467826496,195.2527754,116.8671047,139.0277073,9.05,169.1015286,0.539372308,0.322837306,0.38405444,0.025,0.467131294
362,0.541081267,0.324207989,0.384600039,0.025,0.467751011,195.7938567,117.1913127,139.4123073,9.075,169.5692796,0.539377016,0.322841082,0.384055943,0.025,0.467133002
363,0.541105769,0.324141484,0.384586706,0.025,0.467734393,196.3349624,117.5154542,139.7968941,9.1,170.037014,0.539381765,0.322844654,0.384057401,0.025,0.467134654
364,0.541027397,0.324212329,0.384538766,0.025,0.467770329,196.8759898,117.8396665,140.1814328,9.125,170.5047843,0.539386274,0.322848401,0.38405872,0.025,0.467136395
365,0.541086066,0.324077869,0.384421917,0.025,0.467771189,197.4170759,118.1637444,140.5658547,9.15,170.9725555,0.539390918,0.322851761,0.384059712,0.025,0.46713813
366,0.541144414,0.324114441,0.384191885,0.025,0.467806829,197.9582203,118.4878588,140.9500466,9.175,171.4403623,0.539395696,0.322855201,0.384060073,0.025,0.467139952
367,0.541066576,0.32408288,0.384206609,0.025,0.467830712,198.4992869,118.8119417,141.3342532,9.2,171.908193,0.539400236,0.322858537,0.384060471,0.025,0.467141829
368,0.541023035,0.324017615,0.384091611,0.025,0.46781987,199.0403099,119.1359593,141.7183448,9.225,172.3760129,0.539404634,0.322861678,0.384060555,0.025,0.467143666
369,0.54097973,0.324290541,0.384045657,0.025,0.467814836,199.5812897,119.4602499,142.1023905,9.25,172.8438278,0.539408891,0.32286554,0.384060515,0.025,0.46714548
370,0.540902965,0.324292453,0.383965831,0.025,0.467792625,200.1221926,119.7845423,142.4863563,9.275,173.3116204,0.539412918,0.322869386,0.38406026,0.025,0.467147225
371,0.540860215,0.324361559,0.383988517,0.025,0.467827728,200.6630528,120.1089039,142.8703448,9.3,173.7794481,0.539416809,0.322873398,0.384060067,0.025,0.467149054
372,0.54075067,0.32419571,0.384011082,0.025,0.467811306,201.2038035,120.4330996,143.2543559,9.325,174.2472594,0.539420385,0.322876943,0.384059935,0.025,0.46715083
373,0.540708556,0.324164439,0.383898143,0.025,0.467789282,201.7445121,120.757264,143.6382541,9.35,174.7150487,0.539423829,0.322880385,0.384059503,0.025,0.467152537
374,0.540733333,0.323933333,0.383785807,0.025,0.46781844,202.2852454,121.0811974,144.0220399,9.375,175.1828671,0.539427321,0.322883193,0.384058773,0.025,0.467154312
375,0.540757979,0.323736702,0.384128132,0.025,0.467790856,202.8260034,121.4049341,144.406168,9.4,175.650658,0.53943086,0.322885463,0.384058957,0.025,0.467156005
376,0.540749337,0.32377321,0.383915054,0.025,0.467774705,203.3667527,121.7287073,144.7900831,9.425,176.1184327,0.539434357,0.322887818,0.384058576,0.025,0.467157646
377,0.54077381,0.323809524,0.383971001,0.025,0.467792412,203.9075265,122.0525168,145.1740541,9.45,176.5862251,0.539437901,0.322890256,0.384058344,0.025,0.467159326
378,0.54073219,0.323746702,0.383993255,0.025,0.467748274,204.4482587,122.3762635,145.5580473,9.475,177.0539734,0.539441316,0.322892516,0.384058172,0.025,0.46716088
379,0.540723684,0.323782895,0.384115324,0.025,0.467788354,204.9889824,122.7000464,145.9421626,9.5,177.5217617,0.539444691,0.322894859,0.384058323,0.025,0.467162531
380,0.540813648,0.323589239,0.38393774,0.025,0.467794717,205.529796,123.0236357,146.3261004,9.525,177.9895565,0.539448284,0.322896681,0.384058006,0.025,0.46716419
381,0.540935864,0.323625654,0.383926769,0.025,0.467762059,206.0707319,123.3472613,146.7100272,9.55,178.4573185,0.539452178,0.32289859,0.384057663,0.025,0.467165755
382,0.540926893,0.32366188,0.383895093,0.025,0.467746236,206.6116588,123.6709232,147.0939222,9.575,178.9250647,0.539456028,0.322900583,0.384057238,0.025,0.467167271
383,0.540917969,0.323730469,0.384002137,0.025,0.46775266,207.1525768,123.9946537,147.4779244,9.6,179.3928174,0.539459835,0.322902744,0.384057095,0.025,0.467168795
384,0.541006494,0.323733766,0.38393713,0.025,0.467792208,207.6935833,124.3183874,147.8618615,9.625,179.8606096,0.539463853,0.322904902,0.384056783,0.025,0.467170415
385,0.540965026,0.323898964,0.383881593,0.025,0.467826039,208.2345483,124.6422864,148.2457431,9.65,180.3284357,0.539467742,0.322907478,0.384056329,0.025,0.467172113
386,0.540956072,0.323869509,0.383987843,0.025,0.467810215,208.7755044,124.9661559,148.629731,9.675,180.7962459,0.539471587,0.322909964,0.384056152,0.025,0.467173762
387,0.541076031,0.323840206,0.383944288,0.025,0.467783505,209.3165804,125.2899961,149.0136752,9.7,181.2640294,0.539475723,0.322912361,0.384055864,0.025,0.467175333
388,0.541131105,0.323875321,0.383998578,0.025,0.467817098,209.8577115,125.6138714,149.3976738,9.725,181.7318465,0.539479978,0.322914837,0.384055717,0.025,0.467176983
389,0.541089744,0.324038462,0.383704302,0.025,0.467801418,210.3988012,125.9379099,149.7813781,9.75,182.1996479,0.539484106,0.322917718,0.384054816,0.025,0.467178584
390,0.541176471,0.32407289,0.383777948,0.025,0.467774936,210.9399777,126.2619828,150.1651561,9.775,182.6674228,0.539488434,0.322920672,0.384054108,0.025,0.46718011
391,0.541135204,0.324139031,0.383767665,0.025,0.467716023,211.4811129,126.5861218,150.5489237,9.8,183.1351388,0.539492635,0.32292378,0.384053377,0.025,0.467181477
392,0.541125954,0.324491094,0.383950689,0.025,0.467684478,212.0222389,126.9106129,150.9328744,9.825,183.6028233,0.539496791,0.322927768,0.384053116,0.025,0.467182757
393,0.541211929,0.324555838,0.384164912,0.025,0.467707096,212.5634508,127.2351687,151.3170393,9.85,184.0705304,0.539501144,0.3229319,0.384053399,0.025,0.467184087
394,0.541170886,0.324398734,0.384153727,0.025,0.467702666,213.1046217,127.5595675,151.7011931,9.875,184.5382331,0.539505371,0.322935614,0.384053653,0.025,0.4671854
395,0.541224747,0.324337121,0.384142598,0.025,0.467692886,213.6458464,127.8839046,152.0853357,9.9,185.005926,0.539509713,0.322939153,0.384053878,0.025,0.467186682
396,0.541183879,0.324307305,0.384099641,0.025,0.467699234,214.1870303,128.2082119,152.4694353,9.925,185.4736252,0.53951393,0.322942599,0.384053993,0.025,0.467187973
397,0.54120603,0.324120603,0.3840569,0.025,0.467721587,214.7282363,128.5323325,152.8534922,9.95,185.9413468,0.539518182,0.322945559,0.384054,0.025,0.467189314
398,0.541102757,0.323966165,0.384014373,0.025,0.467743828,215.2693391,128.8562987,153.2375066,9.975,186.4090906,0.539522153,0.322948117,0.384053901,0.025,0.467190703
399,0.54109375,0.32403125,0.383866837,0.025,0.467781915,215.8104328,129.1803299,153.6213734,10,186.8768725,0.539526082,0.322950825,0.384053434,0.025,0.467192181
400,0.541178304,0.32394015,0.383730296,0.025,0.467766753,216.3516112,129.5042701,154.0051037,10.025,187.3446393,0.539530202,0.322953292,0.384052628,0.025,0.467193614
401,0.541044776,0.323973881,0.383783363,0.025,0.467778131,216.8926559,129.8282439,154.3888871,10.05,187.8124174,0.53953397,0.322955831,0.384051958,0.025,0.467195068
402,0.541098015,0.324007444,0.383836167,0.025,0.467768333,217.4337539,130.1522514,154.7727232,10.075,188.2801858,0.539537851,0.32295844,0.384051422,0.025,0.467196491
403,0.541243812,0.323886139,0.383938057,0.025,0.467758584,217.9749978,130.4761375,155.1566613,10.1,188.7479443,0.539542074,0.322960736,0.384051142,0.025,0.467197882
404,0.541234568,0.323950617,0.384008581,0.025,0.467680588,218.5162323,130.8000881,155.5406699,10.125,189.2156249,0.539546253,0.322963181,0.384051037,0.025,0.467199074
405,0.541194581,0.32398399,0.383986392,0.025,0.467650141,219.0574269,131.1240721,155.9246563,10.15,189.6832751,0.539550313,0.322965695,0.384050877,0.025,0.467200185
406,0.541216216,0.323863636,0.383758266,0.025,0.467625072,219.5986431,131.4479358,156.3084145,10.175,190.1509001,0.539554406,0.322967901,0.384050159,0.025,0.467201229
407,0.541115196,0.32377451,0.383717409,0.025,0.467678348,220.1397583,131.7717103,156.6921319,10.2,190.6185785,0.539558231,0.322969878,0.384049343,0.025,0.467202398
408,0.541106357,0.323808068,0.38375722,0.025,0.467684545,220.6808647,132.0955183,157.0758892,10.225,191.086263,0.539562016,0.322971927,0.384048629,0.025,0.467203577
409,0.541036585,0.323719512,0.383747439,0.025,0.467685522,221.2219013,132.4192379,157.4596366,10.25,191.5539486,0.539565613,0.322973751,0.384047894,0.025,0.467204753
410,0.540967153,0.323722628,0.383878224,0.025,0.467707201,221.7628684,132.7429605,157.8435148,10.275,192.0216558,0.539569023,0.322975573,0.384047481,0.025,0.467205975
411,0.540989078,0.32351335,0.383826335,0.025,0.467692625,222.3038575,133.0664738,158.2273412,10.3,192.4893484,0.53957247,0.322976878,0.384046945,0.025,0.467207156
412,0.540920097,0.32342615,0.383785807,0.025,0.467698728,222.8447776,133.3899,158.611127,10.325,192.9570471,0.539575733,0.322977966,0.384046312,0.025,0.467208347
413,0.541032609,0.323278986,0.383898353,0.025,0.467673964,223.3858102,133.713179,158.9950253,10.35,193.4247211,0.539579252,0.322978693,0.384045955,0.025,0.467209471
414,0.540993976,0.323283133,0.383605827,0.025,0.467654448,223.9268042,134.0364621,159.3786311,10.375,193.8923755,0.539582661,0.322979427,0.384044894,0.025,0.467210543
415,0.541165865,0.323347356,0.383505265,0.025,0.467670827,224.46797,134.3598095,159.7621364,10.4,194.3600463,0.539586466,0.322980311,0.384043597,0.025,0.46721165
416,0.541127098,0.323201439,0.383496252,0.025,0.467636104,225.0090971,134.6830109,160.1456327,10.425,194.8276825,0.539590161,0.322980841,0.384042285,0.025,0.467212668
417,0.541118421,0.323205742,0.383655352,0.025,0.467662629,225.5502156,135.0062166,160.529288,10.45,195.2953451,0.539593817,0.32298138,0.384041359,0.025,0.467213744
418,0.541109785,0.323150358,0.383646024,0.025,0.467714416,226.0913253,135.329367,160.912934,10.475,195.7630595,0.539597435,0.322981783,0.384040415,0.025,0.467214939
419,0.54125,0.323125,0.383546324,0.025,0.467705167,226.6325753,135.652492,161.2964804,10.5,196.2307647,0.53960137,0.322982124,0.384039239,0.025,0.467216106
420,0.541300475,0.323218527,0.383585407,0.025,0.467690908,227.1738758,135.9757105,161.6800658,10.525,196.6984556,0.539605406,0.322982685,0.384038161,0.025,0.467217234
421,0.541232227,0.32325237,0.383516319,0.025,0.4676868,227.715108,136.2989629,162.0635821,10.55,197.1661424,0.539609261,0.322983324,0.384036924,0.025,0.467218347
422,0.541193853,0.323286052,0.383537333,0.025,0.467717922,228.2563019,136.622249,162.4471194,10.575,197.6338603,0.539613007,0.32298404,0.384035743,0.025,0.467219528
423,0.541185142,0.323408019,0.383528393,0.025,0.467688679,228.797487,136.945657,162.8306478,10.6,198.101549,0.539616715,0.32298504,0.384034547,0.025,0.467220634
424,0.541205882,0.323441176,0.383430143,0.025,0.467674593,229.3386929,137.2690981,163.214078,10.625,198.5692236,0.539620454,0.322986113,0.384033125,0.025,0.467221703
425,0.541255869,0.323532864,0.383570067,0.025,0.467720507,229.8799488,137.592631,163.597648,10.65,199.0369441,0.539624293,0.322987397,0.384032038,0.025,0.467222873
426,0.541247073,0.3235363,0.383374353,0.025,0.46773631,230.4211959,137.9161673,163.9810224,10.675,199.5046804,0.539628093,0.322988682,0.384030497,0.025,0.467224076
427,0.541325935,0.32353972,0.383325581,0.025,0.467667528,230.9625218,138.239707,164.364348,10.7,199.9723479,0.53963206,0.32298997,0.38402885,0.025,0.467225112
428,0.541229604,0.323484848,0.383317239,0.025,0.467648663,231.5037514,138.5631919,164.7476652,10.725,200.4399966,0.539635784,0.322991123,0.384027192,0.025,0.467226099
429,0.54125,0.323459302,0.383181617,0.025,0.467664523,232.0450014,138.8866512,165.1308468,10.75,200.9076611,0.539639538,0.322992212,0.384025225,0.025,0.467227119
430,0.541183295,0.323578886,0.383114909,0.025,0.467675371,232.5861847,139.2102301,165.5139617,10.775,201.3753365,0.53964312,0.322993573,0.384023113,0.025,0.467228159
431,0.541087963,0.3234375,0.383077811,0.025,0.46768617,233.1272727,139.5336676,165.8970395,10.8,201.8430226,0.539646464,0.322994601,0.384020925,0.025,0.467229219
432,0.540906467,0.323469977,0.383303989,0.025,0.467687092,233.6681791,139.8571375,166.2803435,10.825,202.3107097,0.539649374,0.322995699,0.384019269,0.025,0.467230277
433,0.540898618,0.323531106,0.383342459,0.025,0.467688009,234.2090777,140.1806686,166.663686,10.85,202.7783977,0.539652253,0.322996932,0.38401771,0.025,0.467231331
434,0.540948276,0.323706897,0.383275994,0.025,0.467718269,234.750026,140.5043755,167.046962,10.875,203.246116,0.539655232,0.322998564,0.384016005,0.025,0.467232451
435,0.540797018,0.323681193,0.383238867,0.025,0.46775815,235.290823,140.8280567,167.4302008,10.9,203.7138742,0.539657851,0.32300013,0.384014222,0.025,0.467233656
436,0.540789474,0.323684211,0.383448847,0.025,0.467739423,235.8316125,141.1517409,167.8136497,10.925,204.1816136,0.539660441,0.323001696,0.384012928,0.025,0.467234814
437,0.54086758,0.323687215,0.383555995,0.025,0.467754785,236.3724801,141.4754282,168.1972057,10.95,204.6493684,0.539663197,0.323003261,0.384011885,0.025,0.467236001
438,0.54094533,0.323604784,0.383650401,0.025,0.467736151,236.9134254,141.7990329,168.5808561,10.975,205.1171045,0.539666117,0.323004631,0.384011062,0.025,0.46723714
439,0.540909091,0.3234375,0.383687559,0.025,0.467717602,237.4543345,142.1224704,168.9645436,11,205.5848221,0.539668942,0.323005615,0.384010326,0.025,0.467238232
440,0.541014739,0.323270975,0.383696204,0.025,0.467665364,237.9953492,142.4457414,169.3482398,11.025,206.0524875,0.539671994,0.323006216,0.384009614,0.025,0.467239201
441,0.540865385,0.323303167,0.38365863,0.025,0.467680755,238.5362146,142.7690446,169.7318985,11.05,206.5201682,0.539674694,0.323006888,0.38400882,0.025,0.4672402
442,0.540829571,0.323278781,0.383849817,0.025,0.467705682,239.0770442,143.0923234,170.1157483,11.075,206.9878739,0.539677301,0.323007502,0.384008461,0.025,0.46724125
443,0.540878378,0.323170045,0.383954614,0.025,0.467735288,239.6179226,143.4154934,170.4997029,11.1,207.4556092,0.539680006,0.323007868,0.38400834,0.025,0.467242363
444,0.540955056,0.323174157,0.38405894,0.025,0.467745637,240.1588776,143.7386676,170.8837618,11.125,207.9233548,0.539682871,0.323008242,0.384008454,0.025,0.467243494
445,0.540835202,0.323178251,0.384077653,0.025,0.467779792,240.6997128,144.0618458,171.2678395,11.15,208.3911346,0.539685455,0.323008623,0.384008609,0.025,0.467244696
446,0.54082774,0.323210291,0.384057345,0.025,0.467794755,241.2405406,144.3850561,171.6518968,11.175,208.8589294,0.53968801,0.323009074,0.384008718,0.025,0.467245927
447,0.540820312,0.323102679,0.384104234,0.025,0.467776406,241.7813609,144.7081588,172.0360011,11.2,209.3267058,0.539690538,0.323009283,0.384008931,0.025,0.467247111
448,0.540812918,0.322967706,0.384038145,0.025,0.467762877,242.3221738,145.0311265,172.4200392,11.225,209.7944687,0.539693037,0.32300919,0.384008996,0.025,0.46724826
449,0.540805556,0.323027778,0.38401806,0.025,0.467739953,242.8629794,145.3541543,172.8040573,11.25,210.2622086,0.53969551,0.323009232,0.384009016,0.025,0.467249353
450,0.540853659,0.323087583,0.383840188,0.025,0.467773742,243.403833,145.6772419,173.1878975,11.275,210.7299824,0.539698078,0.323009405,0.384008642,0.025,0.467250515
451,0.540790929,0.323091814,0.383803127,0.025,0.467717944,243.944624,146.0003337,173.5717006,11.3,211.1977003,0.539700495,0.323009588,0.384008187,0.025,0.467251549
452,0.54089404,0.32312362,0.383850058,0.025,0.467732845,244.485518,146.3234573,173.9555507,11.325,211.6654332,0.53970313,0.32300984,0.384007838,0.025,0.467252612
453,0.540969163,0.323182819,0.383795266,0.025,0.467714875,245.0264872,146.6466401,174.3393459,11.35,212.133148,0.539705919,0.323010221,0.38400737,0.025,0.46725363
454,0.540961538,0.323104396,0.383675087,0.025,0.467748422,245.5674487,146.9697445,174.723021,11.375,212.6008965,0.539708678,0.323010427,0.38400664,0.025,0.467254717
455,0.540953947,0.322944079,0.383694232,0.025,0.467683837,246.1084026,147.2926886,175.1067152,11.4,213.0685803,0.539711409,0.323010282,0.384005954,0.025,0.467255659
456,0.540919037,0.322866521,0.383630197,0.025,0.46768006,246.6493217,147.6155551,175.4903454,11.425,213.5362604,0.539714052,0.323009967,0.384005132,0.025,0.467256587
457,0.540966157,0.322843886,0.383566442,0.025,0.467634489,247.1902878,147.938399,175.8739119,11.45,214.0038948,0.539716786,0.323009605,0.384004174,0.025,0.467257412
458,0.540985839,0.322739651,0.383558121,0.025,0.467644741,247.7312737,148.2611386,176.25747,11.475,214.4715396,0.53971955,0.323009017,0.384003203,0.025,0.467258256
459,0.541032609,0.322826087,0.383539516,0.025,0.4676642,248.2723063,148.5839647,176.6410095,11.5,214.9392038,0.539722405,0.323008619,0.384002195,0.025,0.467259139
460,0.541133406,0.322912148,0.383531289,0.025,0.467692805,248.8134397,148.9068769,177.0245408,11.525,215.4068966,0.539725466,0.32300841,0.384001173,0.025,0.467260079
461,0.541341991,0.322970779,0.383512823,0.025,0.467684443,249.3547817,149.2298477,177.4080536,11.55,215.874581,0.539728965,0.323008328,0.384000116,0.025,0.467260998
462,0.541333693,0.323164147,0.383440441,0.025,0.467708285,249.8961154,149.5530118,177.7914941,11.575,216.3422893,0.539732431,0.323008665,0.383998907,0.025,0.467261964
463,0.541298491,0.323248922,0.383377919,0.025,0.467745781,250.4374139,149.8762607,178.174872,11.6,216.8100351,0.539735806,0.323009183,0.383997569,0.025,0.467263007
464,0.541263441,0.323306452,0.383342889,0.025,0.467746511,250.9786773,150.1995672,178.5582149,11.625,217.2777816,0.539739091,0.323009822,0.383996161,0.025,0.467264046
465,0.541389485,0.323256438,0.383324985,0.025,0.467738106,251.5200668,150.5228236,178.9415399,11.65,217.7455197,0.539742633,0.323010351,0.383994721,0.025,0.467265064
466,0.541327623,0.323260171,0.383387459,0.025,0.467702401,252.0613944,150.8460838,179.3249273,11.675,218.2132221,0.539746027,0.323010886,0.38399342,0.025,0.467266
467,0.541239316,0.32321047,0.383677202,0.025,0.467744135,252.6026337,151.1692943,179.7086045,11.7,218.6809662,0.539749217,0.323011313,0.383992745,0.025,0.467267022
468,0.541151386,0.323294243,0.383668822,0.025,0.467717643,253.1437851,151.4925885,180.0922734,11.725,219.1486839,0.539752207,0.323011916,0.383992054,0.025,0.467267983
469,0.541090426,0.32337766,0.383606612,0.025,0.467750113,253.6848755,151.8159662,180.47588,11.75,219.616434,0.539755054,0.323012694,0.383991234,0.025,0.467269009
470,0.541109342,0.323487261,0.383614879,0.025,0.467773411,254.2259849,152.1394534,180.8594948,11.775,220.0842074,0.53975793,0.323013702,0.383990435,0.025,0.467270079
471,0.541154661,0.323463983,0.383553047,0.025,0.467710963,254.7671395,152.4629174,181.2430479,11.8,220.5519184,0.539760889,0.323014656,0.383989508,0.025,0.467271014
472,0.54109408,0.323387949,0.383437954,0.025,0.467738743,255.3082336,152.7863054,181.6264858,11.825,221.0196571,0.539763707,0.323015445,0.383988342,0.025,0.467272002
473,0.541033755,0.323312236,0.383456872,0.025,0.467730496,255.8492674,153.1096176,182.0099427,11.85,221.4873876,0.539766387,0.323016071,0.383987221,0.025,0.46727297
474,0.541105263,0.323236842,0.383449061,0.025,0.467784994,256.3903726,153.4328544,182.3933918,11.875,221.9551726,0.539769206,0.323016536,0.383986088,0.025,0.467274048
475,0.54112395,0.323214286,0.38341469,0.025,0.467763276,256.9314966,153.7560687,182.7768065,11.9,222.4229359,0.539772052,0.323016951,0.383984888,0.025,0.467275075
476,0.541116352,0.323244235,0.38351315,0.025,0.467795174,257.4726129,154.079313,183.1603196,11.925,222.8907311,0.53977487,0.323017428,0.383983899,0.025,0.467276166
477,0.541134937,0.323300209,0.383478789,0.025,0.467777976,258.0137479,154.4026132,183.5437984,11.95,223.358509,0.539777715,0.323018019,0.383982842,0.025,0.467277216
478,0.541153445,0.323277662,0.383497424,0.025,0.467791942,258.5549013,154.7258908,183.9272958,11.975,223.826301,0.539780587,0.323018561,0.383981828,0.025,0.46727829
479,0.541276042,0.323255208,0.383499753,0.025,0.467823582,259.0961774,155.049146,184.3107956,12,224.2941246,0.539783703,0.323019054,0.383980824,0.025,0.467279426
480,0.541320166,0.323180873,0.3835709,0.025,0.467819702,259.6374975,155.3723269,184.6943665,12.025,224.7619443,0.539786897,0.323019391,0.383979972,0.025,0.467280549
481,0.541338174,0.323236515,0.383720538,0.025,0.467842324,260.1788357,155.6955634,185.078087,12.05,225.2297866,0.539790116,0.323019841,0.383979434,0.025,0.467281715
482,0.541330228,0.323291925,0.383754242,0.025,0.46780318,260.7201659,156.0188553,185.4618413,12.075,225.6975898,0.539793304,0.323020404,0.383978967,0.025,0.467282795
483,0.541270661,0.323321281,0.383607023,0.025,0.467759803,261.2614366,156.3421766,185.8454483,12.1,226.1653496,0.539796357,0.323021026,0.383978199,0.025,0.46728378
484,0.541314433,0.323247423,0.383688404,0.025,0.467791182,261.802751,156.6654241,186.2291367,12.125,226.6331408,0.539799487,0.323021493,0.383977601,0.025,0.467284826
485,0.541280864,0.323225309,0.383721967,0.025,0.467800543,262.3440319,156.9886494,186.6128587,12.15,227.1009413,0.539802535,0.323021912,0.383977075,0.025,0.467285887
486,0.541247433,0.323203285,0.383704058,0.025,0.467792389,262.8852793,157.3118526,186.9965627,12.175,227.5687337,0.539805502,0.323022285,0.383976515,0.025,0.467286927
487,0.541265369,0.323206967,0.383695949,0.025,0.467801709,263.4265447,157.6350596,187.3802587,12.2,228.0365354,0.539808493,0.323022663,0.38397594,0.025,0.467287982
488,0.541232106,0.323082822,0.383817302,0.025,0.467776182,263.9677768,157.9581424,187.764076,12.225,228.5043116,0.539811405,0.323022786,0.383975615,0.025,0.467288981
489,0.54127551,0.323010204,0.383886495,0.025,0.467798524,264.5090523,158.2811526,188.1479625,12.25,228.9721101,0.539814392,0.32302276,0.383975434,0.025,0.467290021
490,0.541293279,0.323065173,0.383723381,0.025,0.467842441,265.0503456,158.6042178,188.5316858,12.275,229.4399525,0.539817404,0.323022847,0.38397492,0.025,0.467291146
491,0.54120935,0.323196138,0.383715298,0.025,0.467864556,265.5915549,158.927414,188.9154011,12.3,229.9078171,0.539820234,0.323023199,0.383974393,0.025,0.467292311
492,0.541201826,0.323199797,0.3837586,0.025,0.467839109,266.1327568,159.2506137,189.2991597,12.325,230.3756562,0.539823036,0.323023557,0.383973955,0.025,0.46729342
493,0.541219636,0.323178138,0.383690263,0.025,0.467826686,266.6739764,159.5737919,189.68285,12.35,230.8434829,0.539825863,0.32302387,0.383973381,0.025,0.4672945
494,0.541186869,0.323207071,0.383647454,0.025,0.467844401,267.2151633,159.896999,190.0664975,12.375,231.3113273,0.539828613,0.32302424,0.383972722,0.025,0.467295611
495,0.541129032,0.323361895,0.38363002,0.025,0.467853466,267.7562923,160.2203609,190.4501275,12.4,231.7791808,0.539831234,0.323024921,0.383972031,0.025,0.467296735
496,0.541172032,0.323566398,0.383580411,0.025,0.467862494,268.2974643,160.5439272,190.8337079,12.425,232.2470433,0.539833932,0.323026011,0.383971243,0.025,0.467297874
497,0.541114458,0.323519076,0.383521877,0.025,0.467833034,268.8385788,160.8674463,191.2172298,12.45,232.7148763,0.539836504,0.323027001,0.383970341,0.025,0.467298948
498,0.541157315,0.323421844,0.383554899,0.025,0.467820748,269.3797361,161.1908682,191.6007847,12.475,233.182697,0.539839151,0.323027792,0.383969508,0.025,0.467299994
499,0.5412,0.3233,0.383637789,0.025,0.467804255,269.9209361,161.5141682,191.9844225,12.5,233.6505013,0.539841872,0.323028336,0.383968845,0.025,0.467301003
,,,,,,,,,,,0.539454364,0.320589731,0.385248051,0.025,0.466536348
